"Target","A1","A2","A3","A4","A5","A6","A7","A8","A9","A10","A11","A12","A13","A14","A15","A16","A17","A18","A19","A20","A21","A24","A23","A22"
1,18,1049,21,1,1,"1","4","2","1","2","4","2","1","2","4","3","1","3","1","1","A","C","A","B"
1,9,2799,36,2,2,"1","4","0","1","3","2","3","1","1","2","3","1","3","1","1","C","D","C","D"
1,12,841,23,1,1,"2","2","9","2","4","2","2","1","1","4","3","1","2","1","1","C","D","C","B"
1,12,2122,39,2,2,"1","4","0","1","3","3","3","1","1","2","3","1","2","1","2","C","C","D","C"
1,12,2171,38,2,1,"1","4","0","1","3","4","3","1","2","4","1","2","2","1","2","B","D","D","D"
1,10,2241,48,2,2,"1","4","0","1","2","1","3","1","1","3","3","1","2","1","2","C","D","A","D"
1,8,3398,39,2,1,"1","4","0","1","4","1","3","1","1","4","3","2","2","1","2","A","C","B","D"
1,6,1361,40,1,2,"1","4","0","1","2","2","3","1","1","4","3","2","2","1","2","C","C","B","D"
1,18,1098,65,2,1,"4","4","3","1","1","4","2","1","3","4","3","2","1","1","1","C","D","B","D"
1,24,3758,23,1,1,"2","2","3","3","1","1","2","1","4","4","3","1","1","1","1","C","A","B","D"
1,11,3905,36,2,2,"1","4","0","1","3","2","3","1","1","2","3","1","3","1","1","C","D","C","D"
1,30,6187,24,2,1,"1","4","1","2","4","1","4","1","3","4","3","1","3","1","1","C","D","C","A"
1,6,1957,31,1,1,"1","4","3","1","4","1","2","1","3","4","3","2","3","1","1","C","D","D","D"
1,48,7582,31,1,1,"2","3","10","2","1","2","3","1","4","4","3","2","4","2","1","A","C","C","B"
1,18,1936,23,2,1,"1","2","3","5","4","2","4","1","3","4","3","1","2","1","1","B","D","C","C"
1,6,2647,44,1,2,"1","2","3","3","3","2","3","1","1","3","3","1","3","1","1","C","D","D","A"
1,11,3939,40,2,2,"1","4","0","1","3","1","3","1","1","2","3","2","2","1","1","C","D","C","A"
1,18,3213,25,1,1,"2","2","3","3","2","1","4","1","1","3","3","1","3","1","1","C","C","C","D"
1,36,2337,36,1,1,"2","4","3","1","5","4","3","1","1","4","3","2","3","1","1","C","C","C","D"
1,11,7228,39,2,1,"4","4","0","1","3","1","3","1","2","4","3","2","2","1","1","C","C","C","B"
1,6,3676,37,3,2,"1","4","0","1","3","1","3","1","1","3","3","1","3","1","1","C","B","C","D"
1,12,3124,49,2,2,"2","4","0","1","2","1","3","1","1","3","1","2","2","1","1","C","C","C","B"
0,36,2384,33,1,1,"2","2","5","1","2","4","3","1","4","1","3","1","2","1","1","A","C","C","A"
1,12,1424,26,1,1,"2","4","4","1","4","4","3","1","2","3","3","2","3","1","1","C","D","D","D"
1,6,4716,44,2,2,"1","4","0","5","2","1","3","1","1","3","3","2","2","1","1","B","D","C","D"
1,11,4771,51,1,1,"2","3","3","1","4","2","3","1","2","4","3","2","3","1","1","B","A","D","B"
1,12,652,24,1,1,"1","2","2","1","5","4","2","1","2","4","3","1","3","1","1","A","A","B","C"
1,9,1154,37,3,1,"2","4","3","1","5","2","3","1","1","4","3","2","2","1","1","B","C","C","D"
1,15,3556,29,1,1,"4","2","0","5","3","3","3","1","4","2","3","2","3","1","1","C","D","C","D"
1,42,4796,56,1,1,"3","4","1","1","5","4","3","1","4","4","3","3","3","1","1","A","C","C","D"
1,30,3017,47,1,1,"3","4","3","1","5","4","3","1","2","4","3","2","3","1","1","B","C","D","D"
1,36,3535,37,2,1,"4","4","0","1","4","4","3","1","3","4","3","2","3","2","1","C","C","C","A"
1,36,6614,34,2,1,"4","4","0","1","5","4","3","1","3","4","3","2","4","2","1","A","C","C","D"
1,24,1376,28,1,1,"4","2","3","3","4","4","2","1","3","1","3","2","3","1","1","C","C","B","B"
1,15,1721,36,1,1,"1","2","0","1","2","2","3","1","1","3","3","2","3","1","1","B","C","C","D"
1,6,860,39,2,1,"1","4","0","1","5","1","2","1","4","4","3","2","3","2","1","C","C","A","C"
1,12,1495,38,2,2,"4","4","0","1","5","4","3","1","1","1","3","2","2","1","1","C","C","C","C"
1,12,1934,26,2,1,"4","4","3","1","5","2","3","1","4","2","3","2","3","1","1","C","B","D","C"
1,18,3378,31,1,1,"4","2","1","5","3","2","3","1","2","1","3","2","3","2","1","C","C","B","D"
1,24,3868,41,2,1,"4","4","1","1","5","4","2","1","3","2","3","1","4","2","1","C","C","B","D"
1,12,996,23,2,1,"4","4","5","5","4","4","2","1","1","4","3","2","3","1","1","B","C","B","D"
1,24,1755,58,1,1,"1","2","10","1","5","4","2","3","1","4","3","2","2","2","1","A","C","D","D"
1,18,1028,36,2,1,"4","4","0","1","3","4","2","1","1","3","3","2","3","1","1","A","D","D","D"
1,24,2825,34,2,2,"2","4","9","5","4","4","3","1","4","3","3","2","3","2","1","C","C","B","D"
1,18,1239,61,1,1,"2","2","6","5","3","4","3","1","4","4","3","3","3","1","1","C","C","B","C"
0,18,1216,23,1,1,"1","2","0","1","2","4","2","1","3","3","3","1","3","2","1","B","B","B","D"
1,24,1258,25,1,1,"4","2","9","1","4","4","3","1","1","1","3","2","3","2","1","C","A","C","A"
0,18,1864,30,2,1,"4","4","6","2","3","4","2","1","1","2","3","2","3","1","1","C","A","D","A"
1,24,1474,33,1,1,"4","2","0","2","2","4","4","1","1","3","3","2","3","2","1","B","C","C","D"
1,24,1382,26,2,1,"1","4","9","2","4","4","3","1","1","1","3","2","3","2","1","A","C","B","D"
1,12,640,49,1,1,"4","2","0","1","3","4","1","1","1","2","3","2","2","1","1","C","C","B","A"
1,36,3919,23,1,1,"3","2","3","1","3","2","3","1","1","2","3","2","3","2","1","C","C","D","D"
1,9,1224,30,2,1,"4","4","0","1","3","3","3","1","1","1","3","2","3","1","1","C","D","C","D"
1,12,2331,49,1,1,"4","4","3","5","5","1","3","2","1","4","3","2","3","2","1","B","D","A","A"
1,24,6313,41,1,2,"4","2","1","5","5","3","3","1","3","4","3","2","4","2","1","C","D","B","D"
1,12,385,58,4,1,"1","4","3","1","4","4","2","1","1","3","3","2","2","2","1","C","C","A","D"
1,12,1655,63,2,1,"4","4","3","1","5","2","3","1","1","4","3","2","2","2","1","C","B","A","B"
1,15,1053,27,1,1,"1","2","3","1","2","4","4","1","1","2","3","2","3","1","2","C","C","B","D"
1,21,3160,41,1,1,"4","2","3","5","5","4","3","1","2","3","3","2","3","2","1","A","D","D","D"
1,36,3079,36,1,1,"4","2","0","5","3","4","3","1","1","4","3","2","3","1","1","C","D","D","D"
1,12,1163,44,1,1,"4","4","0","3","3","4","3","1","1","4","3","2","3","2","1","C","C","D","C"
1,24,2679,29,1,1,"4","2","1","1","2","4","2","1","4","1","3","2","4","2","1","A","C","D","D"
1,48,3578,47,1,1,"4","4","3","5","5","4","3","1","1","1","3","2","3","2","1","C","B","C","D"
1,36,10875,45,2,2,"4","3","0","1","5","2","3","1","3","2","3","2","3","2","1","C","D","B","C"
1,12,1344,43,2,2,"1","3","0","1","3","4","3","1","1","2","3","2","2","1","1","C","C","C","D"
1,6,1237,27,2,1,"4","4","3","2","3","1","2","1","2","1","3","2","3","1","1","C","D","A","B"
1,12,3077,52,1,1,"4","2","3","1","3","2","3","1","3","4","3","2","3","2","1","A","D","A","D"
1,24,2284,28,1,1,"4","2","3","1","4","4","3","1","3","2","3","2","3","2","1","C","D","C","C"
1,12,1567,22,1,1,"2","2","3","1","3","1","2","1","3","1","3","2","3","2","1","C","C","D","D"
1,24,2032,60,2,1,"4","3","0","1","5","4","3","1","4","4","3","3","3","2","1","C","A","A","D"
1,21,2745,32,2,1,"2","4","2","4","4","3","3","1","3","2","3","2","3","2","1","C","D","B","B"
1,30,1867,58,1,1,"4","2","3","5","5","4","3","1","3","4","3","2","3","2","1","D","D","D","B"
1,36,2299,39,1,1,"4","2","3","3","5","4","3","1","3","4","3","2","3","1","1","A","C","D","D"
1,24,929,31,1,1,"4","2","2","5","4","4","3","1","3","2","2","2","3","2","1","A","D","D","D"
1,12,3399,37,1,1,"3","2","3","5","5","2","3","1","3","3","3","2","4","1","1","C","D","C","D"
1,9,2030,24,1,1,"2","2","2","5","4","2","3","1","3","1","3","2","3","2","1","C","C","A","B"
1,21,3275,36,1,1,"4","4","1","1","5","1","3","1","3","4","3","2","4","2","1","C","C","A","D"
1,24,1940,60,1,1,"4","4","0","4","5","4","3","1","1","4","3","2","3","2","1","C","A","D","D"
1,21,1602,30,2,1,"1","4","0","1","5","4","4","1","3","3","3","2","3","2","1","C","B","B","D"
1,15,1979,35,1,1,"4","2","3","5","5","4","3","1","3","2","3","2","3","1","1","D","B","A","D"
1,24,2022,37,1,1,"4","4","0","1","3","4","2","1","3","4","3","2","3","2","1","B","D","D","B"
1,36,3342,51,1,1,"4","4","3","5","5","4","3","1","3","2","3","2","3","2","1","C","D","B","D"
1,18,5866,30,2,1,"2","2","0","2","3","2","3","1","3","2","3","2","3","2","1","B","D","C","D"
1,15,2360,36,1,1,"3","4","1","3","3","2","3","1","3","2","3","2","3","2","1","C","B","C","D"
1,15,1520,63,1,1,"4","4","2","5","5","4","3","1","2","4","3","2","3","1","1","C","C","C","D"
1,12,3651,31,1,2,"1","2","0","4","3","1","3","1","2","3","3","2","3","1","1","C","C","B","D"
1,24,2346,35,2,1,"4","4","1","1","4","4","3","1","3","3","3","2","3","2","1","D","D","B","D"
1,36,4454,34,2,1,"4","3","3","1","3","4","2","1","1","4","3","2","3","1","1","C","A","B","B"
1,6,666,39,2,1,"1","4","0","4","4","3","2","1","1","4","3","2","2","2","1","C","C","B","A"
1,24,1965,42,2,1,"2","3","0","5","3","4","2","1","3","4","3","1","3","2","1","C","D","D","D"
1,12,1995,27,1,1,"2","4","0","2","2","4","3","1","3","1","3","2","3","1","1","C","B","C","C"
1,30,2991,25,1,1,"2","2","3","5","5","2","2","1","3","4","3","2","3","1","1","C","C","C","D"
1,30,4221,28,2,1,"2","0","9","1","3","2","2","1","3","1","3","2","3","1","1","B","C","C","B"
1,9,1364,59,1,1,"1","2","3","1","4","3","3","1","1","4","3","2","3","1","1","B","C","C","D"
1,18,6361,41,1,1,"2","4","2","1","5","2","3","1","4","1","3","2","3","2","1","A","C","A","D"
1,27,4526,32,2,2,"4","4","2","4","2","4","3","1","1","2","2","2","2","2","1","C","C","C","B"
1,12,3573,23,1,1,"2","4","3","1","3","1","2","1","1","1","3","2","2","1","1","C","D","C","B"
0,36,4455,30,2,1,"2","3","9","1","3","2","1","1","1","2","2","2","4","2","1","A","C","B","D"
1,9,2136,25,1,1,"1","2","2","1","3","3","3","1","1","2","3","2","3","1","1","C","C","C","D"
1,42,5954,41,2,1,"2","4","9","1","4","2","2","1","1","1","1","2","2","1","1","B","D","A","A"
1,24,3777,40,1,1,"4","4","2","4","3","4","3","1","1","4","3","2","3","2","1","C","C","C","D"
1,15,806,22,1,1,"1","2","9","1","3","4","2","1","2","4","3","2","2","1","1","C","C","C","C"
1,24,4712,34,2,1,"2","3","9","5","3","4","3","1","2","2","1","2","4","2","1","B","C","D","D"
1,36,7432,54,1,1,"2","3","0","1","3","2","2","1","2","2","3","1","3","1","1","B","C","B","B"
1,24,1851,33,2,1,"4","4","3","1","4","4","4","3","3","2","3","2","3","2","1","C","A","C","D"
1,24,1393,31,1,1,"4","2","0","1","3","2","3","3","1","2","3","2","3","2","1","C","D","B","D"
1,12,1412,29,2,1,"4","4","9","1","3","4","2","3","1","2","3","2","4","2","1","C","D","B","D"
1,18,1473,39,1,1,"4","2","3","1","2","3","4","1","1","4","3","2","3","2","1","C","C","D","A"
1,24,1533,38,1,1,"4","2","3","1","2","4","2","1","3","3","2","2","3","2","1","C","C","C","B"
1,12,2012,61,1,1,"4","4","6","5","4","4","2","1","3","2","3","2","3","1","1","A","B","C","C"
0,15,3959,29,1,1,"1","2","0","1","3","3","2","1","2","2","3","2","3","2","1","C","C","C","D"
1,6,428,49,1,1,"1","2","2","1","5","2","2","1","2","1","1","2","3","2","1","B","D","C","B"
1,12,2366,36,1,1,"2","4","0","3","4","3","1","1","3","3","3","2","4","2","1","C","D","B","D"
1,12,763,26,1,1,"4","2","2","1","3","4","2","1","1","1","3","2","3","2","1","C","C","C","D"
1,21,3976,35,1,1,"2","2","2","5","4","2","3","1","3","3","3","2","3","2","1","C","C","B","D"
1,18,6260,28,1,1,"2","2","0","1","4","3","3","1","1","3","3","1","2","1","1","C","D","B","C"
1,9,1919,35,1,1,"2","4","2","1","4","4","3","1","3","3","3","1","3","2","1","C","D","A","B"
1,24,2603,28,1,1,"4","2","1","4","3","2","2","1","3","4","3","1","3","2","1","D","C","C","A"
1,9,936,52,2,1,"4","4","6","3","5","4","3","1","3","2","3","2","3","2","1","C","A","A","C"
1,24,3062,32,1,1,"4","2","2","3","5","4","3","1","4","3","3","1","3","2","1","C","C","A","D"
1,36,4795,30,1,1,"2","2","3","1","2","4","2","1","4","1","3","2","4","2","1","A","C","C","B"
1,36,5842,35,2,2,"4","4","1","1","5","2","3","1","2","2","3","2","3","2","1","B","B","C","D"
1,6,2063,30,1,1,"2","2","3","1","2","4","4","1","3","3","3","1","4","2","1","C","B","D","D"
1,15,1459,43,1,1,"4","4","3","1","3","4","2","1","3","2","3","2","2","1","1","C","C","C","C"
1,15,1213,47,1,1,"4","2","3","3","5","4","3","1","2","3","2","2","3","2","1","C","D","C","D"
1,24,5103,47,3,1,"4","4","3","1","2","3","4","1","4","3","3","3","3","2","1","C","C","D","A"
1,15,874,24,1,1,"4","2","4","5","2","4","2","1","1","1","3","2","3","1","1","B","A","D","D"
1,6,2978,32,1,1,"4","2","2","3","3","1","3","1","3","2","3","2","3","2","1","B","B","C","B"
1,18,1820,30,1,1,"4","2","0","1","3","2","4","1","2","2","3","2","4","2","1","A","C","A","D"
1,24,2872,36,1,2,"4","4","3","2","5","3","3","1","1","4","3","2","3","2","1","C","C","B","C"
1,24,1925,26,1,1,"3","2","2","1","3","2","3","1","1","2","3","2","3","1","1","C","A","D","D"
1,18,2515,43,1,1,"4","2","2","1","3","3","3","1","1","4","3","2","3","2","1","C","C","C","A"
1,6,2116,41,1,1,"3","2","2","1","3","2","3","1","1","2","3","2","3","2","1","C","C","C","D"
1,18,1453,26,1,1,"4","2","3","1","2","3","2","1","1","1","3","2","3","1","1","C","C","C","B"
1,10,1364,64,1,1,"4","2","0","1","3","2","2","1","3","4","3","2","3","2","1","B","C","B","C"
1,6,1543,33,1,1,"4","2","2","4","3","4","1","1","1","2","3","2","3","1","1","A","D","D","D"
1,12,1318,54,1,1,"2","2","0","4","5","4","3","1","1","4","3","2","3","2","1","B","B","D","D"
1,24,2325,32,1,1,"1","1","0","2","4","2","3","1","3","3","1","2","3","1","1","C","C","C","A"
1,6,932,39,2,1,"2","4","8","5","4","1","2","1","2","3","3","2","2","1","1","C","D","C","C"
1,24,3148,31,2,1,"3","4","3","5","3","3","3","1","3","2","3","2","3","2","1","C","D","B","B"
1,36,3835,45,1,1,"4","2","3","5","5","2","2","1","1","4","3","2","2","2","1","C","C","B","B"
1,9,3832,64,1,1,"4","2","6","5","5","1","3","1","1","4","3","2","2","1","1","C","D","C","D"
1,24,5084,42,1,1,"2","2","3","5","5","2","2","1","3","4","3","2","3","2","1","C","D","C","C"
1,9,2406,31,1,1,"4","4","2","1","1","2","3","1","3","3","3","2","4","1","1","C","C","A","D"
1,36,2394,25,1,1,"4","2","3","5","3","4","2","1","3","4","3","2","3","1","1","B","C","B","C"
1,21,2476,46,1,1,"4","2","1","5","5","4","3","1","1","4","3","2","4","2","1","C","C","D","D"
1,24,2964,49,1,2,"1","2","1","5","5","4","3","1","4","4","1","3","3","2","1","B","B","D","A"
1,12,1262,49,1,1,"1","2","2","5","5","2","1","1","2","4","3","2","2","2","1","C","C","C","D"
1,12,1542,36,1,1,"4","2","9","1","4","2","3","1","3","4","3","2","3","2","1","C","A","A","B"
1,24,1743,48,2,1,"2","4","3","1","5","4","3","1","2","2","3","2","2","1","1","B","C","C","C"
1,12,409,42,2,1,"3","1","3","4","3","3","2","1","1","3","3","1","3","1","1","C","D","C","D"
1,12,2171,29,1,1,"4","2","3","1","2","2","2","1","3","2","1","2","3","1","1","C","D","C","D"
1,48,8858,35,2,1,"4","4","1","5","4","2","3","1","4","1","3","3","3","2","1","C","B","D","C"
1,24,3512,38,2,1,"2","2","0","2","4","2","3","1","3","3","1","2","3","2","1","D","C","A","D"
1,12,1158,26,1,1,"2","2","3","3","3","3","1","1","3","1","3","2","3","2","1","C","D","C","D"
1,24,2684,35,2,1,"4","4","3","1","3","4","3","1","1","2","3","2","2","1","1","C","C","B","D"
1,12,1498,23,1,1,"1","2","3","1","3","4","2","1","3","1","1","2","3","1","1","C","C","C","B"
1,30,5954,38,1,1,"4","4","3","1","4","3","3","2","3","2","3","2","3","1","1","A","C","B","C"
0,48,6416,59,1,1,"2","1","9","1","5","4","2","1","4","3","3","1","3","1","1","C","C","D","D"
1,12,3617,28,3,1,"2","4","2","1","5","1","3","1","3","4","3","1","3","2","1","C","C","A","D"
1,12,1291,35,2,1,"4","4","3","1","3","4","2","1","2","2","3","2","3","1","1","B","C","C","A"
1,24,1275,36,2,1,"3","4","9","4","3","2","1","1","1","4","3","2","3","2","1","A","C","B","D"
1,24,3972,25,1,1,"4","2","2","1","4","2","2","1","2","4","3","1","3","2","1","B","D","A","D"
1,15,3343,28,1,1,"4","4","2","1","3","4","3","1","4","2","3","3","3","2","1","C","D","A","B"
1,15,392,23,1,1,"3","2","6","1","2","4","2","1","2","4","3","1","3","2","1","C","D","A","D"
1,9,2134,48,3,1,"4","4","0","1","3","4","3","1","3","4","3","2","3","2","1","D","C","C","B"
1,30,5771,25,2,1,"4","4","3","1","4","4","2","1","3","2","3","2","3","1","1","C","C","C","D"
1,24,4526,74,1,1,"4","4","9","1","3","3","3","1","1","2","3","2","4","2","1","C","C","D","A"
1,15,2788,24,2,1,"4","4","2","1","4","2","2","2","3","3","1","2","3","1","1","C","B","C","A"
1,6,1382,28,2,1,"4","4","3","1","3","1","2","1","3","1","3","2","3","2","1","B","D","C","A"
1,36,5848,24,1,1,"3","2","3","1","3","4","3","1","3","1","3","2","3","1","1","B","A","D","D"
0,12,1228,24,1,1,"1","2","0","1","3","4","2","1","1","2","3","2","2","1","1","C","C","C","B"
1,12,1297,23,1,1,"3","2","3","1","3","3","4","1","1","4","3","1","3","1","1","B","A","C","D"
1,24,1552,32,1,2,"4","2","3","1","4","3","3","1","3","1","1","2","3","1","1","A","B","B","D"
1,12,1963,31,2,2,"4","2","3","1","4","4","3","1","3","2","3","1","4","2","1","C","C","C","D"
1,24,3235,36,1,1,"4","2","3","3","5","3","1","1","3","2","3","2","4","2","1","C","C","B","B"
1,24,4139,27,2,1,"4","4","9","2","3","3","3","1","2","3","3","2","2","2","1","C","C","B","D"
1,12,1804,44,1,1,"2","4","1","2","2","3","3","1","2","4","3","2","3","1","1","C","D","B","B"
1,18,1950,34,2,1,"4","2","9","1","4","4","3","1","3","1","2","2","3","2","1","D","C","C","D"
1,48,12749,37,1,1,"4","3","3","3","4","4","3","1","3","1","3","2","4","2","1","C","C","D","D"
1,9,1236,23,1,1,"4","2","4","1","2","1","2","1","1","4","3","1","3","2","1","C","D","B","C"
1,18,1055,30,2,1,"4","4","0","1","2","4","2","1","2","1","3","2","3","1","1","A","B","C","D"
1,30,8072,25,3,1,"1","0","9","5","2","2","3","1","3","3","1","2","3","1","1","C","B","A","D"
1,30,2831,33,1,1,"4","4","3","1","3","4","2","1","3","2","3","2","3","2","1","C","C","B","B"
1,9,1449,27,2,1,"4","2","9","1","4","3","2","1","3","2","3","2","3","1","1","C","D","B","D"
1,36,5742,31,2,1,"4","2","9","2","4","2","3","1","3","2","3","2","3","2","1","C","D","B","C"
1,12,2390,50,1,1,"4","2","0","5","5","4","3","1","3","3","3","2","3","2","1","C","C","A","B"
1,24,3430,31,1,2,"4","2","3","3","5","3","3","1","3","2","3","2","3","2","1","B","C","C","A"
1,36,2273,32,2,2,"2","2","6","1","4","3","3","1","3","1","3","2","3","1","1","B","C","C","D"
1,21,2923,28,1,1,"3","2","0","2","3","1","2","1","3","1","1","2","4","2","1","C","C","C","A"
1,24,1901,29,1,1,"4","2","3","2","3","4","3","1","3","4","3","1","4","2","1","C","A","A","D"
1,36,3711,27,1,1,"2","2","6","5","3","2","4","1","3","2","3","2","3","1","1","A","C","C","D"
1,48,8487,24,1,1,"2","2","0","5","4","1","2","1","3","2","3","2","3","1","1","C","D","A","D"
1,24,2255,54,1,1,"4","2","0","5","2","4","3","1","2","1","3","2","3","1","1","C","D","C","D"
1,12,1262,25,1,1,"4","2","3","1","3","3","3","1","3","2","3","2","3","1","1","C","C","C","D"
1,33,7253,35,2,1,"4","4","1","1","4","3","3","1","3","2","3","2","4","2","1","B","B","C","C"
1,6,6761,45,2,2,"4","4","0","1","4","1","3","1","4","3","3","2","4","2","1","B","D","B","D"
1,18,1817,28,2,1,"4","4","2","1","3","4","2","1","4","2","3","2","3","1","1","C","C","C","B"
1,12,2141,35,1,1,"4","2","3","2","4","3","3","1","4","1","3","2","3","1","1","C","D","B","D"
1,48,3609,27,1,1,"4","1","9","1","3","1","2","1","1","1","2","2","3","1","1","B","C","D","D"
1,30,2333,30,1,1,"4","2","3","3","5","4","3","1","3","2","1","2","4","1","1","A","D","C","D"
1,28,7824,40,2,2,"4","1","1","5","2","3","3","3","1","4","1","1","3","2","1","D","C","C","C"
1,18,1445,49,1,1,"3","1","3","5","4","4","3","1","3","4","1","2","2","1","1","C","B","C","A"
1,24,7721,30,1,1,"1","2","2","5","2","1","2","1","2","2","3","2","3","2","2","C","D","B","D"
1,21,3763,24,1,1,"1","2","0","5","4","2","3","2","1","2","3","2","2","1","2","C","D","C","C"
1,18,4439,33,1,1,"2","2","9","1","5","1","3","2","1","1","1","2","4","2","1","C","C","A","D"
1,12,1107,20,1,2,"1","2","3","1","3","2","3","1","1","2","3","1","4","2","1","C","C","A","D"
1,15,1444,23,1,1,"2","2","3","5","2","4","3","1","2","1","3","2","3","1","1","C","C","B","C"
1,48,12169,36,1,1,"2","1","0","5","1","4","3","2","4","4","3","3","4","2","1","C","C","B","A"
1,9,2753,35,1,1,"4","2","3","2","5","3","3","2","3","4","3","2","3","2","1","B","D","D","A"
1,4,1494,29,1,2,"3","2","0","5","2","1","3","1","1","2","3","2","2","1","2","C","D","C","D"
1,24,2828,22,1,1,"1","1","2","3","3","4","3","1","1","4","2","2","3","2","1","A","C","A","D"
1,24,2483,22,1,1,"1","1","2","3","3","4","3","1","1","4","2","2","3","2","1","B","C","C","D"
1,6,1299,74,3,2,"3","4","0","1","3","1","3","1","1","1","3","2","1","1","2","C","C","C","C"
1,9,1549,35,1,1,"2","2","0","5","2","4","3","1","1","2","3","2","1","1","1","C","A","D","D"
1,10,3949,37,1,2,"3","2","0","1","2","1","3","3","2","1","3","2","2","1","1","C","C","B","A"
1,10,2901,31,1,1,"4","2","1","5","2","1","2","1","1","4","3","1","3","1","1","C","B","D","B"
1,6,709,27,1,1,"3","2","0","4","2","2","4","1","1","2","3","2","1","1","2","C","B","C","D"
1,47,10722,35,1,1,"1","2","0","1","2","1","2","1","1","1","3","2","2","2","1","C","D","C","D"
1,10,1287,45,1,1,"4","2","0","5","5","4","3","2","2","2","3","2","2","1","2","C","D","B","C"
1,18,1940,36,1,1,"1","1","3","1","2","3","3","2","4","4","1","3","4","2","1","C","D","B","B"
1,30,3656,49,2,1,"3","4","3","5","5","4","3","1","2","4","2","2","2","1","1","B","B","D","D"
1,24,4679,35,2,1,"4","3","1","1","4","3","3","1","3","3","3","2","2","2","1","B","B","B","A"
1,27,8613,27,2,1,"4","3","1","4","3","2","3","1","3","2","3","2","3","1","1","B","D","C","C"
1,18,2659,28,1,1,"1","2","2","4","3","4","3","1","3","2","3","2","3","1","1","B","C","C","D"
1,24,1516,43,2,1,"4","4","3","4","3","4","2","1","1","1","3","2","2","1","1","C","D","D","D"
1,18,4380,35,1,2,"1","2","0","2","3","3","3","1","3","4","3","2","2","2","1","B","C","C","D"
1,14,802,27,2,1,"4","3","0","1","3","4","3","1","3","2","3","2","2","1","1","C","B","C","C"
1,21,1572,36,1,1,"4","2","9","4","5","4","2","1","1","4","1","2","2","1","1","C","B","C","D"
1,48,3566,30,1,1,"2","1","9","2","4","4","3","1","3","2","3","2","3","1","1","D","D","C","D"
1,24,1278,36,1,1,"4","2","3","1","5","4","3","1","1","1","3","2","4","2","1","A","C","C","D"
1,6,426,39,1,1,"4","0","3","1","5","4","4","1","3","4","3","2","2","1","1","B","C","B","C"
1,39,8588,45,1,1,"4","2","1","2","5","4","3","1","3","2","3","2","4","2","1","C","D","D","D"
1,30,3857,40,1,1,"1","2","1","1","3","4","1","1","2","4","3","2","4","2","1","C","B","D","D"
0,12,685,25,1,1,"2","2","0","1","4","2","4","1","3","3","1","2","2","1","1","C","D","C","B"
1,24,1603,55,1,1,"1","2","3","1","5","4","2","1","3","4","3","2","3","1","1","C","C","B","D"
1,21,2241,50,2,1,"4","2","2","1","5","4","3","1","1","2","3","2","3","1","1","C","C","C","D"
1,24,2384,64,1,1,"1","2","3","1","5","4","3","1","1","4","1","1","2","1","1","C","C","A","B"
1,4,601,23,1,2,"4","2","2","1","2","1","2","1","1","3","3","1","2","1","1","A","D","C","B"
1,39,2569,24,1,1,"4","2","1","3","3","4","3","1","3","4","3","2","3","1","1","C","C","C","D"
1,15,1316,47,2,1,"4","4","3","3","3","2","4","1","2","2","3","2","2","1","1","C","C","B","D"
1,60,10366,42,1,1,"4","2","0","1","5","2","3","1","2","4","3","2","4","2","1","B","A","C","C"
1,18,1568,24,1,1,"4","2","9","2","3","3","2","1","2","4","3","1","2","1","1","C","D","A","D"
1,18,629,32,2,1,"4","4","3","3","5","4","3","1","2","3","1","2","4","2","1","C","C","A","C"
1,6,1750,45,1,2,"4","1","3","3","5","2","3","1","2","4","1","2","2","1","1","C","C","D","D"
1,24,3488,23,1,1,"4","2","1","2","4","3","2","1","3","4","3","2","3","1","1","C","C","B","C"
1,18,1800,24,2,1,"4","4","3","1","3","4","3","1","3","2","3","2","3","1","1","B","A","A","D"
1,24,4151,35,2,1,"4","3","2","2","3","2","3","1","2","3","3","2","3","1","1","C","C","D","D"
1,15,2631,25,1,1,"2","2","5","2","3","3","2","1","1","2","3","2","2","1","1","C","D","C","D"
1,21,5248,26,1,1,"4","2","1","5","3","1","3","1","3","3","3","2","3","1","1","B","D","C","C"
1,18,2899,43,1,2,"2","3","0","5","5","4","3","1","3","4","3","2","3","1","1","A","C","A","D"
1,18,6204,44,1,2,"2","3","5","1","3","2","3","1","1","4","3","2","2","2","1","D","C","A","D"
1,12,804,38,1,1,"4","2","3","1","5","4","3","1","3","4","3","2","3","1","1","C","C","C","D"
1,36,3595,28,1,1,"4","2","3","1","5","4","3","1","3","2","3","2","3","1","1","B","C","D","C"
1,36,5711,38,2,1,"4","4","1","4","5","4","3","1","3","2","3","2","4","2","1","C","B","C","D"
1,15,2687,26,1,1,"3","2","9","1","4","2","3","1","2","4","3","1","3","2","1","C","C","C","A"
1,15,3643,27,2,1,"1","3","2","1","5","1","2","1","2","4","3","2","2","1","1","C","C","B","B"
1,10,2146,23,2,1,"4","4","2","1","2","1","2","1","1","3","3","1","3","1","1","C","C","B","B"
1,10,2315,52,1,1,"1","2","3","1","5","3","3","1","1","4","3","2","2","1","1","C","C","B","C"
1,5,3448,74,1,1,"4","2","9","1","4","1","3","1","1","4","3","2","2","1","1","C","C","B","D"
1,15,2708,27,2,1,"4","2","2","1","2","2","3","1","2","3","1","2","2","1","1","D","D","C","A"
1,11,1393,35,2,1,"4","4","0","1","2","4","2","1","3","4","3","2","4","1","1","C","A","C","C"
1,10,1275,23,1,1,"3","2","2","1","2","4","2","1","2","2","3","2","3","1","1","B","A","B","D"
1,9,1313,20,1,1,"4","2","2","1","5","1","3","1","3","4","3","2","3","1","1","B","D","C","D"
1,12,1493,34,1,2,"4","2","3","1","2","4","2","1","3","3","3","2","3","1","1","A","C","A","D"
1,22,2675,40,1,1,"4","2","3","3","5","3","3","1","3","4","3","2","3","1","1","C","B","C","B"
1,9,2118,37,1,2,"2","2","3","1","3","2","3","1","1","2","3","2","2","1","1","B","C","C","A"
1,36,909,36,1,1,"4","2","0","3","5","4","3","1","2","4","3","2","3","1","1","C","C","D","D"
1,12,1258,22,2,1,"4","4","2","1","2","2","2","1","2","4","3","1","2","1","1","A","C","A","D"
1,15,1569,34,1,2,"4","1","3","2","5","4","3","1","3","4","1","2","2","1","1","C","C","A","B"
1,6,1236,50,1,1,"4","2","1","3","3","2","3","1","2","4","3","1","3","1","1","D","C","B","B"
1,36,7678,40,2,1,"4","3","2","3","4","2","2","1","3","4","3","2","3","2","1","B","C","C","D"
1,6,660,23,1,1,"4","2","5","3","4","2","4","1","1","4","3","1","2","1","1","B","C","A","D"
1,24,2835,53,1,1,"4","2","2","3","5","3","3","1","2","4","3","2","3","1","1","C","C","B","C"
1,24,2670,35,1,1,"4","2","1","1","5","4","3","1","3","4","3","2","4","2","1","A","C","A","D"
1,12,3447,35,1,2,"4","1","8","3","3","4","2","1","1","3","3","2","2","1","1","A","B","C","A"
1,15,3568,54,1,1,"4","2","3","1","5","4","2","1","3","2","1","1","4","2","1","C","B","C","D"
1,21,3652,27,2,1,"2","4","9","1","4","2","3","1","2","3","3","2","3","1","1","B","C","C","D"
1,24,3660,28,1,1,"1","2","3","1","3","2","2","1","3","4","3","2","3","1","1","C","C","B","D"
1,9,1126,49,1,1,"3","2","3","2","5","2","1","1","1","4","3","2","3","1","1","C","B","D","C"
1,6,683,29,1,1,"3","3","3","1","2","2","2","1","2","1","1","2","3","1","1","C","C","B","D"
1,12,2251,46,1,1,"3","2","2","1","3","1","2","1","3","2","3","2","2","1","1","B","C","A","D"
1,12,4675,20,1,1,"4","2","1","5","2","1","2","1","3","4","3","1","3","1","1","B","C","D","D"
1,21,2353,47,2,1,"2","3","0","1","3","1","1","1","2","4","3","2","3","1","1","A","C","B","D"
1,21,3357,29,1,1,"1","2","3","4","2","4","2","1","3","2","1","2","3","1","1","C","D","D","D"
1,6,672,54,1,1,"4","2","0","1","1","1","2","1","1","4","3","2","1","2","1","C","D","B","C"
1,6,338,52,2,1,"1","4","3","3","5","4","3","1","3","4","3","2","3","1","1","C","D","C","D"
1,9,2697,32,1,2,"4","2","3","1","3","1","3","1","1","2","3","2","3","1","1","C","C","D","A"
1,9,2507,51,1,1,"4","2","0","3","5","2","3","1","4","4","3","3","2","1","1","C","C","C","D"
1,15,1478,33,2,1,"4","3","3","1","3","4","4","1","1","3","1","2","3","1","1","C","C","B","B"
1,12,3565,37,2,2,"4","4","6","5","2","2","3","1","2","1","3","2","2","1","1","A","C","C","D"
1,15,2221,20,1,1,"4","2","2","3","3","2","2","1","3","4","3","1","3","1","1","C","B","B","D"
1,6,1898,34,2,2,"4","4","3","5","3","1","3","1","1","2","3","2","2","1","1","C","C","A","B"
1,6,1449,31,2,2,"2","3","9","2","5","1","1","1","3","2","1","2","3","1","1","C","C","C","C"
1,15,960,30,2,1,"4","3","2","4","4","3","2","1","2","2","3","2","3","1","1","C","C","C","D"
1,36,8133,30,1,1,"4","2","1","1","3","1","2","1","2","2","1","2","3","1","1","D","C","B","D"
1,9,2301,22,1,1,"4","2","2","2","2","2","2","1","2","4","3","1","3","1","1","C","D","B","B"
1,6,1743,34,2,1,"4","3","9","2","3","1","3","1","1","2","3","2","2","1","1","B","C","C","C"
1,12,983,19,1,1,"2","2","2","4","2","1","2","1","1","4","3","1","2","1","1","C","C","D","D"
1,18,2320,34,2,1,"4","3","3","1","1","2","4","1","1","3","3","2","3","1","1","B","D","C","D"
1,12,339,45,1,1,"1","1","8","1","5","4","4","1","3","1","1","2","2","1","1","C","D","C","D"
1,24,5152,25,1,1,"3","2","3","1","4","4","3","1","3","2","1","2","3","1","1","B","C","C","C"
1,24,3749,26,1,1,"3","2","2","1","2","2","2","1","3","4","3","2","3","1","1","C","A","C","D"
1,9,3074,33,2,2,"4","4","3","5","3","1","3","1","1","2","3","2","3","1","1","D","C","B","A"
0,9,745,28,1,1,"3","2","3","1","3","3","2","1","1","2","3","2","2","1","1","B","C","A","D"
1,24,1469,41,1,1,"4","2","0","2","5","4","4","1","1","4","3","1","2","1","1","D","C","D","D"
1,6,1374,36,1,1,"1","2","2","1","3","1","3","1","1","2","1","2","2","2","1","A","C","B","D"
1,6,783,26,1,2,"4","1","0","5","3","1","3","3","1","2","2","2","2","1","1","C","C","B","A"
1,21,2606,28,1,1,"1","2","3","1","2","4","2","1","2","4","3","1","4","2","1","C","B","A","D"
1,54,9436,39,1,2,"4","0","1","5","3","2","3","1","2","2","3","2","2","1","1","C","C","D","D"
1,12,930,65,4,1,"4","4","3","5","5","4","3","1","1","4","3","2","3","1","1","C","B","C","D"
1,48,2751,38,2,2,"4","4","1","5","5","4","3","1","3","3","3","2","3","2","1","C","D","B","D"
1,6,250,41,2,1,"4","4","0","4","3","2","2","1","1","2","1","2","2","1","1","A","D","D","C"
1,24,1201,26,1,1,"2","2","0","1","2","4","3","1","2","1","3","2","3","1","1","C","C","C","D"
1,6,662,41,1,2,"1","2","0","1","2","3","3","1","1","4","3","2","2","2","1","A","D","B","D"
1,15,1300,45,1,2,"4","2","1","5","5","4","3","1","4","4","1","3","3","1","1","B","A","C","C"
1,24,1559,40,1,1,"4","1","9","1","4","4","3","1","3","4","1","2","3","2","1","C","C","A","B"
1,12,3016,24,1,1,"3","2","3","1","3","3","4","1","3","1","3","2","3","1","1","B","D","C","C"
1,15,1360,31,2,1,"4","4","3","1","3","4","3","1","2","2","3","2","3","1","1","D","C","C","B"
1,6,1204,35,1,1,"4","0","0","2","3","4","3","1","4","1","1","1","3","1","2","C","C","B","D"
1,10,1597,40,1,2,"4","2","0","3","3","3","3","1","4","2","3","1","2","1","2","C","D","C","D"
1,12,2073,28,1,1,"4","2","3","2","3","4","2","2","1","2","3","2","3","1","1","C","C","B","D"
1,11,2142,28,1,1,"4","2","9","4","5","1","1","1","1","2","3","2","3","2","1","C","C","C","D"
1,10,2132,27,2,1,"1","4","2","5","2","2","2","2","1","3","3","1","3","1","2","C","C","C","D"
1,10,1546,31,1,2,"4","2","0","1","3","3","3","1","1","2","3","2","2","1","2","C","C","B","B"
1,24,1287,37,2,1,"4","4","0","4","5","4","2","1","1","4","3","2","3","2","1","B","C","C","D"
1,10,1418,35,1,1,"4","2","0","2","3","3","3","1","1","2","3","1","2","1","2","B","C","D","A"
1,6,1343,46,2,2,"3","4","0","1","5","1","3","1","1","4","3","2","3","1","2","C","C","A","D"
1,18,2662,32,1,1,"4","2","0","5","4","4","3","1","2","3","3","2","3","1","2","C","A","C","D"
1,18,6070,33,2,1,"4","4","3","1","5","3","3","1","3","4","3","2","3","2","1","C","C","C","D"
1,24,1927,33,2,1,"4","4","6","5","3","3","2","1","3","2","3","2","3","2","1","D","B","C","D"
1,18,2404,26,2,1,"4","4","3","1","3","2","2","1","3","2","3","2","3","1","1","C","A","D","D"
1,6,1554,24,2,1,"4","4","3","1","4","1","2","1","3","2","3","1","3","2","1","C","C","D","C"
1,22,1283,25,1,1,"4","2","0","5","4","4","2","1","2","4","3","1","3","1","1","C","A","C","C"
1,24,717,54,2,1,"4","3","0","5","5","4","4","1","3","4","3","2","3","2","1","B","C","C","D"
1,24,1747,24,1,1,"1","2","2","1","2","4","3","2","2","1","3","2","2","1","2","C","C","A","C"
1,9,1288,48,2,2,"1","4","5","2","5","3","3","3","1","4","3","2","3","1","2","C","D","D","D"
1,10,1038,49,2,1,"1","4","0","1","4","4","3","2","2","3","3","2","3","2","1","A","C","C","D"
1,10,2848,32,1,2,"4","2","1","2","3","1","3","2","1","2","3","2","3","1","1","A","D","A","B"
1,12,1413,55,1,1,"4","2","1","4","4","3","3","1","2","2","3","2","3","1","2","C","C","C","D"
1,30,3077,40,2,2,"4","4","3","5","5","3","3","1","3","2","3","2","3","2","1","C","C","B","B"
1,24,3632,22,1,1,"1","1","1","1","3","1","2","3","3","4","1","1","3","1","2","C","A","A","D"
1,18,3229,38,1,1,"4","4","1","5","1","2","3","1","4","4","3","2","4","2","1","C","B","B","D"
1,9,3577,26,1,2,"4","2","0","2","3","1","3","3","1","2","3","1","3","1","2","C","C","B","C"
1,12,682,51,2,1,"4","4","0","2","4","4","2","1","3","3","3","2","3","2","1","C","C","A","D"
1,10,1924,38,1,1,"4","2","3","1","3","1","3","1","2","4","3","2","3","2","2","C","D","C","C"
1,10,727,46,1,1,"4","2","6","3","5","4","3","1","4","4","3","3","3","2","1","D","C","C","C"
1,10,781,63,2,1,"3","4","0","1","5","4","3","1","4","4","3","3","3","2","1","C","B","B","B"
1,12,2121,30,2,1,"1","4","0","1","3","4","3","1","2","2","3","2","3","1","1","B","C","A","D"
1,12,701,32,2,1,"4","4","6","1","3","4","3","1","3","2","3","2","3","1","1","C","C","D","C"
1,10,2069,26,2,1,"4","4","2","5","3","2","4","1","3","1","3","2","3","1","2","C","C","C","B"
1,24,1525,34,1,2,"4","2","0","4","4","4","2","1","3","3","3","2","3","2","1","C","D","C","D"
1,48,7629,46,2,2,"4","4","9","5","5","4","1","1","3","2","1","2","4","1","1","A","C","C","A"
0,12,3499,29,2,1,"1","4","0","1","3","3","2","2","1","2","3","2","3","1","1","A","C","B","C"
1,6,1346,42,1,2,"4","2","3","2","5","2","3","1","4","4","1","3","3","2","1","D","C","C","D"
1,36,10477,42,2,1,"4","4","1","5","5","2","3","1","4","4","3","3","3","1","1","C","C","A","B"
1,24,2924,63,1,2,"1","2","1","1","3","3","3","3","4","4","1","2","3","2","1","C","D","C","D"
1,10,1231,32,2,2,"4","4","0","1","5","3","3","1","1","4","3","2","2","1","2","C","B","C","D"
1,18,1961,23,1,1,"3","2","0","1","5","3","2","1","3","2","3","2","4","1","1","C","D","D","B"
1,15,5045,59,1,1,"4","4","0","5","5","1","2","1","3","4","3","2","3","2","1","C","A","A","D"
1,12,1255,61,2,1,"4","4","0","1","5","4","3","1","1","4","3","2","2","1","1","B","D","B","A"
1,12,1858,22,1,1,"1","2","2","1","2","4","2","1","3","1","3","1","3","1","1","C","C","A","D"
1,6,1221,27,2,1,"4","4","2","5","3","1","4","1","2","2","3","2","3","1","1","C","C","D","D"
1,9,1388,26,1,1,"4","2","2","1","3","4","2","1","1","2","3","1","3","1","1","C","C","C","D"
1,12,2279,37,1,1,"4","2","3","5","3","4","3","1","4","4","3","3","3","2","1","B","C","A","C"
1,12,2759,34,2,1,"4","0","2","1","5","2","3","1","2","4","3","2","3","1","1","C","C","B","C"
1,24,1258,57,1,1,"3","2","3","3","3","3","2","1","3","3","3","2","2","1","1","C","D","D","D"
1,12,1410,31,1,1,"2","0","8","1","3","2","3","1","1","2","3","2","2","2","1","C","D","C","C"
1,15,1403,28,1,1,"1","2","0","1","3","2","2","1","3","4","3","1","3","1","1","C","D","D","B"
1,24,3021,24,1,1,"1","2","2","1","3","2","1","1","1","2","3","1","2","1","1","B","D","C","B"
1,24,6568,21,1,1,"1","2","9","1","3","2","4","1","3","2","2","2","2","1","1","D","A","B","D"
1,24,2578,34,1,1,"4","4","3","4","5","2","3","1","3","2","3","2","3","1","1","C","B","B","D"
1,24,7758,29,1,1,"2","4","1","4","5","2","2","1","4","4","3","1","3","1","1","C","C","B","C"
1,6,343,27,1,1,"1","2","4","1","2","4","2","1","1","1","3","2","3","1","1","D","C","C","C"
1,21,1591,34,2,1,"4","3","2","2","4","4","3","1","1","3","3","2","4","1","1","B","D","A","C"
1,27,3416,27,1,1,"1","2","3","1","3","3","3","1","3","2","3","2","4","1","1","A","C","A","D"
0,12,1108,28,2,1,"1","0","5","1","4","4","3","1","1","3","3","2","3","1","1","B","D","C","B"
1,27,5965,30,2,1,"2","3","1","1","5","1","3","1","3","2","3","2","4","2","1","D","D","C","C"
1,15,1514,22,1,1,"2","2","5","2","3","4","3","3","1","2","3","2","3","1","1","B","C","B","D"
1,30,6742,36,2,1,"4","4","3","5","4","2","3","1","2","3","3","2","3","1","1","C","C","C","D"
1,18,3650,22,1,1,"1","2","2","1","2","1","2","1","3","4","3","1","3","1","1","C","C","D","D"
1,21,3599,26,1,1,"1","2","2","1","4","1","2","1","3","4","3","1","2","1","1","B","C","C","C"
1,60,13756,63,1,1,"4","4","0","5","5","2","3","1","4","4","1","3","4","2","1","C","C","B","C"
1,9,276,22,1,1,"2","2","0","1","3","4","4","1","1","4","3","1","2","1","1","C","C","C","C"
1,42,4041,36,2,1,"4","4","2","3","3","4","3","1","1","4","3","2","3","2","1","B","C","D","D"
1,9,458,24,1,1,"2","2","3","1","3","4","3","1","1","3","3","2","3","1","1","C","A","A","D"
0,9,918,30,1,1,"2","2","2","1","3","4","2","1","2","1","3","2","3","1","1","C","C","C","D"
1,24,7393,43,1,2,"4","2","0","1","3","1","3","1","2","4","3","2","2","1","1","C","D","C","D"
1,10,1225,37,1,1,"3","2","4","1","3","2","3","1","3","2","3","2","3","2","1","B","C","A","D"
1,24,2812,26,1,1,"1","2","1","5","5","2","2","1","1","4","3","1","3","1","1","C","D","C","C"
1,15,3029,33,1,1,"4","2","1","1","4","2","3","1","3","2","3","2","3","1","1","C","D","D","D"
1,12,1480,66,3,1,"3","4","0","3","1","2","3","1","4","4","1","3","1","1","1","A","D","C","B"
1,6,1047,50,1,1,"3","4","6","1","3","2","2","1","2","4","3","2","2","1","1","C","A","D","A"
1,15,1471,35,2,1,"4","4","3","1","3","4","3","1","4","4","3","3","3","2","1","B","C","B","C"
1,24,5511,25,1,1,"4","2","2","2","3","4","3","1","3","1","2","2","3","1","1","C","D","A","D"
1,9,1206,25,1,1,"2","2","3","1","5","4","2","1","1","4","3","2","3","1","1","B","C","B","D"
1,24,6403,33,1,1,"2","3","3","1","2","1","3","1","3","2","3","2","3","1","1","B","C","C","A"
1,12,707,30,2,1,"4","2","3","1","3","4","3","1","1","2","1","2","3","1","1","C","D","C","D"
1,12,1503,41,1,1,"4","3","1","1","3","4","4","1","1","4","3","1","3","1","1","C","A","A","D"
1,12,6078,32,1,1,"2","2","0","1","4","2","3","1","3","2","3","2","3","1","1","B","C","B","D"
1,27,2528,32,1,2,"2","2","9","1","2","4","2","1","2","1","3","2","3","2","1","B","C","B","B"
1,12,1037,39,1,1,"2","2","9","2","4","3","3","1","1","4","3","2","2","1","1","B","D","B","A"
1,6,1352,23,1,1,"1","2","1","3","1","1","2","1","2","2","3","1","1","2","1","C","C","C","D"
1,24,3181,26,1,1,"4","2","3","1","2","4","2","1","2","4","3","2","3","2","1","C","C","D","B"
1,18,4594,32,1,1,"4","2","3","1","2","3","3","1","3","2","3","2","3","2","1","B","B","D","C"
1,48,5381,40,1,1,"2","2","10","5","1","3","3","1","4","4","1","3","1","2","1","C","D","A","B"
1,15,4657,30,1,1,"4","2","1","1","3","3","3","1","3","2","3","2","3","2","1","C","A","B","C"
1,9,1391,27,1,1,"2","2","9","1","3","2","4","1","1","1","1","2","3","2","1","C","C","C","D"
1,18,1913,36,1,1,"2","2","9","4","2","3","4","1","1","3","1","2","3","2","1","A","C","C","C"
1,42,7166,29,1,1,"4","2","3","5","4","2","4","1","2","4","3","1","3","2","1","B","C","C","B"
1,13,1409,64,1,1,"4","2","3","2","1","2","2","1","1","4","3","2","3","1","1","B","C","C","A"
1,24,2978,32,2,2,"4","3","9","5","3","4","3","1","1","4","3","2","3","2","1","C","D","B","D"
1,12,976,35,2,1,"4","4","3","5","5","4","3","1","3","4","3","2","3","1","1","C","C","C","D"
1,24,2375,44,2,2,"4","3","9","3","3","4","3","1","3","2","3","2","3","2","1","D","D","A","D"
1,12,522,42,2,2,"4","4","3","3","5","4","3","1","2","4","3","2","3","2","1","C","C","B","A"
1,28,2743,29,2,1,"4","4","3","1","5","4","3","1","3","2","3","2","3","1","1","B","C","C","D"
1,11,1154,57,3,1,"4","4","3","2","1","4","2","1","1","4","3","2","2","1","1","B","C","C","D"
1,24,5804,27,2,1,"4","4","1","4","3","4","3","1","1","2","3","2","3","1","1","C","D","B","A"
1,18,1169,29,2,1,"4","4","3","5","3","4","3","1","2","3","3","2","3","2","1","B","D","D","D"
1,15,1478,44,2,2,"1","4","2","1","5","4","3","1","3","4","3","2","3","2","1","C","C","C","D"
1,12,776,28,1,1,"4","2","3","1","3","4","4","1","1","2","3","2","3","1","1","C","C","B","D"
1,11,1322,40,2,1,"2","4","0","4","3","4","2","1","3","4","3","2","3","1","1","A","D","D","D"
1,16,1175,68,3,1,"2","4","0","1","1","2","3","1","3","3","3","3","1","2","1","C","D","D","D"
1,12,2133,52,1,1,"4","2","0","5","5","4","2","1","4","4","3","3","4","2","1","D","C","C","C"
1,15,1829,46,2,1,"4","4","3","1","5","4","3","1","3","4","3","2","3","2","1","B","D","A","D"
1,12,717,52,3,1,"4","4","3","1","5","4","3","1","1","4","3","2","3","1","1","B","C","D","C"
1,39,11760,32,1,1,"2","3","6","2","4","2","3","1","4","3","3","1","3","2","1","C","D","B","A"
0,9,1501,34,2,1,"2","4","6","1","5","2","2","1","3","3","3","2","4","2","1","B","C","B","C"
1,12,1200,23,1,1,"1","2","6","5","3","4","2","1","2","4","1","1","3","2","1","A","B","C","C"
1,9,3195,33,1,1,"2","2","0","5","3","1","2","1","1","2","3","2","2","1","1","C","C","B","A"
1,30,4530,26,1,1,"4","4","3","1","4","4","2","1","3","4","3","1","4","2","1","B","D","D","D"
0,12,1555,55,2,2,"4","3","5","4","5","4","3","1","4","4","3","3","3","1","1","C","C","D","D"
1,15,2326,27,1,1,"2","4","9","3","3","2","3","1","3","4","1","2","3","1","1","C","C","D","D"
1,18,1887,28,2,1,"2","4","9","5","3","4","4","1","1","4","1","2","3","1","1","C","D","D","B"
1,12,1264,57,1,1,"4","4","9","5","5","4","3","1","4","4","3","1","2","1","1","C","C","C","D"
1,7,846,36,1,1,"4","3","3","5","5","3","3","1","4","4","3","3","3","1","1","C","C","B","B"
1,15,1532,31,1,1,"4","4","6","2","3","4","2","1","3","3","3","2","3","1","1","C","B","D","B"
1,6,935,24,1,1,"4","3","3","1","3","3","2","1","1","2","3","2","3","1","1","C","D","D","A"
1,27,2442,43,4,2,"1","4","9","1","5","4","3","1","3","4","2","2","4","2","1","B","C","B","A"
1,18,3590,40,3,2,"2","4","9","1","1","3","4","1","3","3","3","2","1","2","1","C","C","C","D"
1,21,2288,23,1,1,"4","4","2","1","2","4","2","1","2","4","3","2","3","2","1","B","D","C","B"
1,27,5117,26,2,1,"4","3","9","1","4","3","3","1","3","4","3","2","3","1","1","C","C","A","D"
1,39,14179,30,2,1,"1","4","2","5","4","4","3","1","2","4","3","2","4","2","1","A","C","D","C"
1,15,1386,40,1,1,"4","2","3","5","3","4","4","1","1","2","3","1","3","2","1","D","B","B","D"
1,12,618,56,1,1,"4","4","3","1","5","4","3","1","1","4","3","2","3","1","1","B","B","C","A"
1,12,1574,50,1,1,"4","2","2","1","3","4","3","1","1","2","3","2","3","1","1","C","C","C","D"
1,6,700,36,2,1,"4","4","3","5","5","4","3","1","4","4","3","3","3","1","1","C","B","B","C"
1,12,886,21,1,1,"4","2","3","5","3","4","2","1","3","2","3","2","3","1","1","C","C","A","D"
1,36,4686,32,1,1,"4","2","1","1","3","2","3","1","4","2","3","3","4","2","1","B","C","A","D"
1,9,790,66,1,1,"2","2","3","3","3","4","2","1","1","3","3","2","2","1","1","A","D","D","C"
0,12,766,66,1,1,"2","2","3","3","3","4","3","1","1","3","3","2","2","1","1","C","D","C","D"
1,20,2212,39,1,1,"1","2","2","5","4","4","3","1","3","4","3","2","3","2","1","B","C","C","A"
1,10,7308,70,1,1,"2","2","0","1","1","2","3","1","4","4","1","3","4","2","1","C","D","C","B"
1,24,5743,24,2,1,"2","4","6","1","2","2","2","1","4","4","3","3","3","2","1","C","D","C","B"
1,14,3973,22,1,1,"1","2","0","1","1","1","3","1","4","4","3","3","3","1","1","C","D","A","C"
1,60,7418,27,1,1,"2","3","3","5","3","1","3","1","1","1","3","2","2","1","1","C","C","C","B"
1,20,2629,29,2,1,"2","3","10","1","3","2","3","1","3","3","1","2","3","2","1","C","C","C","D"
1,18,1941,35,1,1,"2","2","9","4","3","4","3","1","2","2","3","2","2","2","1","B","D","B","D"
1,24,2333,29,1,1,"2","3","2","5","2","4","3","1","2","2","1","2","2","1","1","A","D","C","C"
1,12,2445,26,1,1,"4","2","1","5","2","2","4","1","3","4","3","1","3","2","1","D","D","A","B"
1,20,6468,60,1,1,"2","2","1","5","1","1","1","1","1","4","3","2","4","2","1","C","C","B","D"
1,18,7374,40,2,1,"2","4","2","1","1","4","3","1","2","4","2","2","4","2","1","A","A","B","C"
1,15,3812,23,1,1,"4","2","1","2","2","1","2","1","3","4","3","2","3","2","1","C","D","C","B"
0,28,4006,45,1,1,"1","2","0","1","3","3","3","1","3","2","3","2","2","1","1","B","D","C","D"
1,12,7472,24,1,1,"2","2","0","5","1","1","2","1","1","2","3","1","1","1","1","C","D","B","D"
1,12,1424,55,1,1,"3","2","2","5","5","3","2","1","1","4","3","2","4","2","1","C","C","C","D"
1,12,2028,30,1,1,"2","2","1","5","3","4","3","1","3","2","3","2","3","1","1","C","A","C","D"
1,15,5324,35,1,1,"4","2","0","3","5","1","2","1","4","4","3","3","3","1","1","C","B","C","C"
1,36,2323,24,1,1,"2","2","3","1","4","4","3","1","3","4","3","1","3","1","1","C","D","D","C"
1,12,1393,47,3,2,"4","2","6","1","5","4","3","1","2","4","1","2","3","2","1","C","C","C","D"
1,18,1984,47,2,1,"4","2","2","1","3","4","3","1","4","4","1","3","3","1","1","C","C","C","D"
1,24,999,25,2,1,"4","2","3","5","5","4","3","1","3","2","3","2","3","1","1","C","C","A","D"
1,36,7409,37,2,1,"4","2","9","5","5","3","3","1","2","2","3","2","3","1","1","C","C","A","C"
1,15,2186,33,1,1,"4","2","2","5","4","1","2","1","1","4","1","1","2","1","1","C","C","C","D"
1,36,4473,31,1,1,"3","2","3","1","5","4","3","1","3","2","3","2","3","1","1","A","C","C","D"
1,24,937,27,2,1,"4","2","8","1","2","4","4","1","3","3","3","2","2","1","1","A","C","B","D"
1,18,3422,47,3,2,"4","2","2","1","5","4","3","1","2","4","1","2","3","2","1","C","C","C","C"
1,24,3105,25,2,1,"4","2","3","5","2","4","3","1","3","2","3","2","3","1","1","B","A","C","B"
1,12,2748,57,3,1,"4","4","6","1","5","2","2","1","4","4","1","3","2","1","1","C","D","C","D"
1,18,3872,67,1,1,"2","2","5","1","1","2","2","1","3","4","3","2","3","2","1","C","C","C","D"
1,27,5190,48,4,2,"4","2","5","5","5","4","3","1","2","4","3","2","3","2","1","C","D","C","D"
1,18,3001,40,1,1,"2","2","2","1","4","2","2","1","1","4","3","1","3","1","1","C","C","A","C"
1,24,3863,32,1,1,"4","3","9","1","3","1","3","1","4","2","3","3","3","1","1","B","C","D","B"
1,12,5801,49,1,1,"4","4","2","5","5","2","3","1","2","4","3","1","3","2","2","C","C","D","C"
1,12,1592,35,1,1,"4","4","2","4","4","3","2","1","2","2","3","2","3","1","1","A","C","C","B"
1,12,1185,27,2,1,"4","4","9","1","3","3","2","1","1","2","3","2","3","1","1","C","C","C","C"
1,18,3780,35,2,1,"4","4","2","1","2","3","1","1","3","2","3","2","4","2","1","C","B","A","D"
1,18,3612,37,1,1,"2","4","2","1","5","3","2","1","2","4","3","2","3","2","2","C","D","B","C"
1,12,1076,26,1,1,"4","2","9","1","3","2","4","1","1","2","3","2","3","2","1","C","D","B","D"
1,12,3527,45,1,2,"4","2","0","5","2","2","3","1","2","3","3","2","4","2","1","B","C","A","D"
1,18,2051,33,1,1,"4","2","3","1","2","4","3","1","1","1","3","2","3","1","1","C","C","B","C"
1,12,3331,42,1,1,"4","4","2","1","5","2","3","1","2","4","2","2","3","1","1","C","D","D","A"
1,18,3104,31,1,1,"1","0","9","1","4","3","3","1","2","1","1","2","3","2","1","C","C","C","D"
1,24,2611,46,2,1,"4","4","3","1","5","4","4","2","1","3","3","2","3","1","1","C","C","C","D"
1,12,1409,54,1,1,"1","4","1","1","5","4","3","1","1","3","3","2","3","1","1","C","B","D","D"
1,24,1311,26,1,1,"4","2","3","2","4","4","4","1","2","3","3","2","3","2","1","C","D","A","D"
1,6,2108,29,1,1,"4","2","3","1","4","2","4","1","1","2","3","1","3","1","1","C","D","B","D"
1,24,4042,43,2,1,"4","4","1","5","4","3","3","1","2","4","3","2","3","2","1","C","C","B","D"
1,12,926,38,1,1,"4","4","0","1","1","1","2","1","2","2","3","2","1","1","1","B","C","B","C"
1,12,1680,35,1,1,"1","2","3","3","5","3","4","1","1","1","3","2","3","1","1","C","C","D","D"
1,24,1249,28,1,1,"4","2","0","1","2","4","4","1","1","2","3","2","3","1","1","B","B","C","C"
1,24,2463,27,2,1,"4","4","0","2","4","4","4","1","2","3","3","2","3","2","1","C","D","D","D"
1,6,1595,51,1,2,"4","2","3","1","4","3","3","1","2","2","3","2","3","1","1","C","D","C","C"
1,24,2058,33,2,1,"4","4","5","1","3","4","1","1","1","2","3","2","3","2","1","C","B","D","D"
1,24,7814,38,1,1,"4","2","1","1","4","3","3","1","3","3","3","2","4","2","1","C","D","C","C"
1,6,1740,30,2,1,"4","4","3","1","5","2","4","1","1","2","3","1","3","1","1","C","C","C","C"
1,12,1240,38,2,1,"4","4","3","5","5","4","2","1","1","2","3","2","3","2","1","C","C","C","C"
1,24,6842,46,2,2,"4","4","1","5","3","2","3","1","2","4","3","2","4","2","1","A","C","B","B"
1,24,5150,33,1,1,"4","4","2","1","5","4","3","1","3","4","3","2","3","2","1","B","A","D","A"
1,6,1203,43,1,1,"1","2","0","2","5","3","3","1","2","2","3","2","3","2","1","C","C","C","D"
1,6,2080,24,1,1,"4","4","0","3","3","1","4","1","3","2","3","2","3","1","1","C","C","C","D"
1,6,1538,56,1,1,"4","2","6","1","2","1","2","1","4","2","3","2","3","1","1","D","C","D","C"
1,24,3878,37,1,1,"2","4","0","2","2","4","1","1","3","2","3","2","3","2","1","A","D","B","D"
1,30,3832,22,1,1,"2","2","2","1","2","2","4","1","2","1","3","2","3","1","1","B","C","A","A"
1,15,3186,20,1,1,"4","2","0","4","4","2","2","1","3","3","3","1","3","1","1","C","C","B","D"
1,24,2896,29,1,1,"2","2","3","2","2","2","3","1","3","1","3","2","3","1","1","B","B","D","D"
1,24,6967,36,1,1,"2","3","9","2","4","4","3","1","3","4","3","1","4","2","1","A","C","C","D"
0,36,1819,37,1,1,"4","2","6","1","3","4","3","1","4","4","2","3","3","2","1","C","D","D","A"
0,24,5943,44,2,1,"4","2","3","5","2","1","2","1","3","1","3","2","3","2","1","C","C","D","D"
0,36,7127,23,2,1,"4","4","2","1","2","2","2","1","2","4","3","1","3","2","1","C","D","B","D"
0,36,3349,28,1,1,"4","2","2","1","3","4","2","1","3","2","3","2","4","2","1","D","B","D","D"
0,36,10974,26,2,1,"4","2","2","1","1","4","2","1","3","2","3","2","4","2","1","C","C","B","A"
1,6,518,29,1,1,"4","2","3","1","3","3","2","1","1","1","3","2","3","1","1","B","C","B","C"
1,18,1126,21,1,1,"4","2","3","5","2","4","2","1","1","2","3","1","3","2","1","C","C","A","D"
1,12,1860,34,2,1,"2","4","1","1","1","4","3","1","3","2","3","2","4","2","1","B","A","C","D"
1,36,9566,31,2,1,"4","4","3","1","3","2","2","1","3","2","2","2","3","1","1","A","C","B","D"
1,12,701,40,1,1,"1","2","3","1","3","4","4","1","1","2","3","2","2","1","1","B","D","C","B"
1,12,2930,27,1,1,"2","2","3","1","4","2","2","1","1","1","3","2","3","1","1","B","D","C","D"
1,18,1505,32,1,1,"4","2","3","1","3","4","3","1","4","2","3","3","4","2","1","B","C","D","D"
1,18,2238,25,2,1,"4","4","3","1","3","2","2","1","3","1","3","2","3","1","1","C","C","D","D"
1,4,1503,42,2,2,"4","4","3","1","4","2","3","1","1","1","3","2","2","1","1","C","C","B","D"
1,24,2197,43,2,2,"4","4","1","5","4","4","3","1","3","4","3","2","3","2","1","C","C","C","C"
1,12,1881,44,1,1,"3","2","3","1","3","2","2","1","3","2","3","1","2","2","1","C","B","B","D"
1,18,1880,32,2,1,"1","4","3","1","4","4","4","1","2","1","3","2","4","2","1","D","C","A","B"
1,18,2389,27,1,1,"1","2","3","1","2","4","2","1","3","1","2","2","3","1","1","C","B","A","A"
1,24,1967,20,1,1,"2","2","3","1","5","4","2","1","3","4","3","2","3","2","1","C","C","D","C"
1,4,3380,37,1,2,"4","4","0","1","4","1","2","1","1","1","3","2","3","1","1","C","C","B","C"
1,4,1455,42,3,2,"4","4","0","1","4","2","3","1","1","1","3","2","2","1","1","C","C","A","D"
1,7,730,46,2,1,"4","4","3","5","5","4","3","1","2","2","3","1","2","2","1","B","C","C","A"
1,18,3244,33,2,1,"2","0","2","1","3","1","2","1","3","4","1","2","3","2","1","C","C","D","D"
0,9,1670,22,1,1,"2","2","3","1","2","4","2","1","3","2","3","2","3","2","1","C","D","B","D"
1,48,3979,41,2,2,"2","2","3","5","4","4","3","1","3","1","3","2","3","2","1","C","B","C","D"
0,12,1922,37,1,1,"2","2","2","1","3","4","3","1","2","2","3","2","2","1","1","B","D","C","A"
1,18,1295,27,2,1,"2","4","2","1","2","4","2","1","2","1","3","2","3","1","1","B","D","C","D"
1,4,1544,42,3,2,"4","4","3","1","4","2","3","1","1","1","3","2","2","1","1","C","A","A","D"
1,8,907,26,1,1,"2","2","9","1","2","3","4","1","1","2","3","2","3","2","1","B","B","C","C"
1,30,1715,26,1,1,"2","2","3","5","3","4","2","1","3","1","3","2","3","1","1","C","C","C","D"
1,10,1347,27,2,1,"3","4","3","5","4","4","3","1","2","2","3","2","3","2","1","C","B","C","D"
1,12,1007,22,1,1,"2","2","0","4","3","4","4","1","1","1","3","2","3","1","1","C","B","C","B"
1,12,1402,37,1,1,"4","4","2","3","4","3","2","1","3","4","3","1","3","2","1","C","D","D","D"
1,12,2002,30,1,2,"2","2","0","1","4","3","3","1","2","4","3","1","3","2","1","B","D","A","B"
1,12,2096,49,1,2,"4","4","6","1","4","2","3","1","1","3","3","2","2","1","1","C","C","D","A"
1,12,1101,27,2,1,"4","2","0","1","3","3","4","1","1","2","3","2","3","2","1","C","C","C","C"
1,10,894,40,1,1,"4","2","8","5","4","4","2","1","2","3","3","2","3","2","1","C","D","B","D"
1,11,1577,20,1,1,"2","2","2","4","2","4","2","1","1","1","3","2","3","1","1","C","D","B","A"
1,33,2764,26,2,1,"4","3","9","1","3","2","2","1","3","2","3","2","3","2","1","C","B","C","D"
1,48,8358,30,2,1,"2","0","0","3","2","1","2","1","3","1","3","2","3","1","1","A","C","C","D"
1,12,1474,33,1,1,"3","2","2","1","2","4","2","1","2","1","1","2","4","2","1","C","D","B","D"
1,24,5433,26,1,1,"4","2","1","5","1","2","2","1","2","4","3","1","4","2","1","B","D","D","D"
1,14,1410,35,1,1,"2","2","9","3","5","1","4","1","1","2","3","2","3","2","1","D","B","A","D"
1,20,3485,44,2,1,"4","4","0","5","2","2","1","1","1","4","3","2","3","2","1","C","C","C","D"
1,18,3850,27,2,1,"4","4","1","1","4","3","3","1","3","1","3","2","3","1","1","C","A","B","D"
0,60,7408,24,1,1,"2","2","0","2","2","4","2","1","2","2","3","2","4","1","1","C","C","D","A"
1,24,1377,47,1,1,"3","2","3","2","5","4","2","1","4","2","3","3","3","2","1","D","C","A","D"
1,30,4272,26,2,1,"4","3","9","2","3","2","3","1","2","2","3","2","2","1","1","C","B","A","B"
1,24,1553,23,2,1,"2","3","3","2","4","3","2","1","2","2","3","1","3","2","1","B","C","C","D"
1,36,9857,31,2,2,"2","3","9","2","4","1","3","1","2","3","3","2","2","2","1","B","D","C","D"
1,6,362,52,2,1,"4","4","0","2","3","4","2","1","3","4","3","2","2","1","1","C","D","C","D"
1,12,1935,43,3,1,"4","4","2","1","5","4","3","1","1","4","3","2","3","2","1","C","D","A","D"
1,48,10222,37,1,1,"4","2","3","5","4","4","3","1","3","3","2","2","3","2","1","A","C","A","A"
1,12,1330,26,1,1,"3","2","0","1","2","4","3","1","1","1","3","2","3","1","1","B","C","A","D"
1,36,9055,35,1,2,"4","2","6","5","3","2","3","1","4","4","3","3","2","2","1","C","D","C","D"
1,26,7966,30,2,1,"2","2","1","1","2","2","3","1","3","3","3","2","3","1","1","C","D","C","D"
1,30,3496,34,1,2,"2","1","2","4","3","4","3","1","3","2","2","2","3","2","1","C","D","D","D"
1,36,6948,35,1,1,"2","2","1","1","3","2","3","1","3","2","3","1","4","2","1","C","A","C","D"
1,48,12204,48,1,1,"2","0","9","5","3","2","3","1","3","2","1","2","4","2","1","B","C","D","D"
0,36,3446,42,1,2,"1","2","2","1","5","4","3","1","3","2","3","2","3","1","1","C","C","C","D"
0,12,684,40,1,2,"1","2","6","1","3","4","3","1","3","4","3","1","2","1","1","A","C","A","D"
0,33,4281,23,2,1,"1","4","2","3","3","1","2","1","3","4","3","2","3","1","1","B","B","B","A"
0,42,7174,30,1,1,"1","2","3","5","4","4","2","1","3","3","3","2","4","2","1","C","C","A","B"
0,24,1546,24,1,1,"1","1","3","1","4","4","3","3","3","4","1","1","2","1","1","C","C","D","D"
0,24,2359,33,1,1,"1","2","2","2","1","1","1","1","2","1","3","2","3","1","1","C","D","C","D"
0,24,3621,31,2,1,"4","2","3","2","5","2","3","1","3","4","3","2","3","1","1","C","C","C","C"
0,12,741,22,1,1,"1","2","4","2","1","4","2","1","2","3","3","2","3","1","1","C","C","C","D"
0,12,7865,53,1,1,"1","2","2","1","5","4","3","1","4","4","3","3","4","2","1","C","B","C","D"
1,24,2910,34,1,1,"1","2","1","1","4","2","3","1","4","1","3","3","4","2","1","C","B","A","D"
1,18,5302,36,3,1,"1","4","0","1","5","2","3","1","4","4","3","3","4","2","1","C","C","B","D"
1,36,3620,37,1,2,"1","2","2","1","3","1","3","3","2","2","3","2","3","1","1","A","A","A","D"
1,18,3509,25,1,1,"1","2","3","1","4","4","2","3","1","1","3","2","3","1","1","A","B","A","D"
1,12,3017,34,1,1,"2","2","2","1","2","3","2","1","1","1","3","1","4","1","1","C","C","B","D"
1,12,1657,27,1,1,"1","2","2","1","3","2","3","1","1","2","3","2","3","1","1","C","A","C","D"
1,8,1164,51,2,2,"1","4","10","1","5","3","3","1","4","4","1","3","4","2","1","C","C","C","D"
0,36,6229,23,2,1,"1","4","2","1","2","4","2","2","4","4","3","1","2","2","1","C","C","D","B"
0,24,1193,29,2,1,"1","1","0","1","1","1","2","2","4","4","3","1","1","1","1","A","B","B","D"
1,30,4583,32,2,1,"1","0","2","1","3","2","1","3","1","2","3","2","3","1","1","C","C","C","C"
1,36,5371,28,2,1,"1","4","2","1","3","3","3","3","2","2","3","2","3","1","1","C","C","C","B"
1,12,708,38,1,2,"1","2","2","1","3","2","3","3","2","3","3","2","2","1","1","C","C","D","A"
1,21,571,65,2,1,"1","4","0","1","5","4","3","1","1","4","3","2","3","1","1","C","D","B","D"
1,30,2522,39,1,2,"1","2","3","1","5","1","3","3","2","3","3","2","3","1","1","C","C","A","D"
0,36,5179,29,1,1,"1","2","2","1","4","4","3","1","2","2","3","2","3","1","1","A","C","A","D"
0,36,8229,26,1,2,"1","2","1","1","3","2","3","1","2","2","3","2","3","1","1","B","B","C","A"
1,24,2028,30,2,1,"4","4","2","1","4","2","3","1","2","2","3","2","2","1","1","C","D","B","D"
1,6,1374,75,1,1,"1","2","0","5","1","4","2","1","2","3","3","2","4","2","1","C","C","C","D"
1,12,1289,21,1,1,"1","2","2","1","3","4","3","3","2","1","3","2","2","1","1","C","C","C","D"
0,36,2712,41,1,2,"1","2","2","1","5","2","3","1","2","2","1","2","3","1","1","C","A","D","D"
1,15,975,25,2,1,"1","4","2","1","3","2","1","1","2","3","3","2","3","1","1","A","C","A","D"
1,6,1050,35,2,1,"2","3","2","1","1","4","3","1","2","1","2","2","4","2","2","B","C","C","D"
1,6,609,37,2,1,"1","4","0","1","4","4","2","1","2","3","3","2","3","1","1","C","A","B","C"
1,48,4788,26,1,2,"1","2","1","1","4","4","3","1","2","3","3","2","3","1","1","B","B","C","A"
1,24,3069,30,1,1,"2","2","2","2","5","4","3","1","4","4","3","3","3","1","1","C","D","D","B"
0,12,836,23,1,1,"2","2","0","2","2","4","2","1","2","2","1","2","2","1","1","C","D","A","D"
1,12,2577,42,1,1,"1","2","2","1","3","2","1","1","3","1","3","2","3","1","1","B","C","A","D"
1,12,1620,30,1,1,"1","2","2","1","3","2","2","2","2","3","3","2","3","1","1","C","C","C","C"
1,15,1845,46,1,1,"1","2","2","1","2","4","2","3","2","1","3","1","3","1","1","C","D","B","D"
1,24,6579,29,1,1,"1","2","1","1","1","4","3","1","4","2","3","3","4","2","1","C","C","B","D"
1,12,1893,29,1,1,"1","2","0","1","3","4","2","3","2","4","3","2","3","2","1","D","C","D","A"
1,30,10623,38,3,2,"1","4","1","1","5","3","3","1","4","4","3","3","4","2","1","C","C","D","D"
1,18,2249,30,1,2,"1","2","0","2","4","4","3","1","3","3","3","2","4","2","1","A","D","B","D"
0,30,3108,31,1,1,"1","2","2","1","2","2","1","1","2","4","3","2","2","1","1","C","D","B","C"
1,12,958,47,2,2,"2","4","0","1","4","2","3","1","1","3","3","2","2","1","1","C","C","A","B"
1,24,9277,48,1,1,"4","2","1","5","3","2","1","1","4","4","3","3","3","2","1","C","C","C","A"
1,24,6314,27,2,1,"4","4","10","1","1","4","3","2","4","2","1","2","4","2","1","C","D","B","D"
1,12,1526,66,2,1,"1","4","1","1","5","4","3","1","4","4","3","3","4","1","1","C","D","A","D"
1,12,3590,29,1,2,"1","2","2","1","3","2","3","2","2","2","3","2","2","1","1","C","A","C","D"
1,24,6615,75,2,1,"1","4","1","1","1","2","3","1","4","4","3","3","4","2","1","D","D","C","D"
1,6,1872,36,3,1,"1","4","2","1","1","4","3","1","4","4","3","3","4","2","1","C","D","B","A"
1,12,2859,38,1,1,"4","2","0","5","1","4","3","1","4","4","3","2","4","2","1","A","D","D","D"
1,18,1582,46,2,1,"4","4","3","4","5","4","3","1","3","4","3","2","3","1","1","C","D","A","D"
1,6,1238,36,1,2,"4","2","8","5","1","4","3","1","2","4","3","2","4","2","1","B","D","C","C"
1,12,2578,55,1,1,"1","2","2","1","1","3","2","1","4","4","3","3","4","1","1","C","C","C","D"
1,15,1433,25,2,1,"1","4","2","1","3","4","2","1","2","3","3","1","3","1","1","C","D","D","D"
1,42,7882,45,1,2,"1","2","2","1","4","2","3","3","2","4","3","3","3","1","1","B","D","A","D"
1,24,4169,28,1,1,"1","2","2","1","3","4","3","1","2","4","3","2","3","1","1","B","D","B","D"
1,36,3959,30,1,1,"1","2","2","1","1","4","3","1","2","3","3","2","4","2","1","D","C","C","D"
1,36,3249,39,1,2,"1","2","0","1","4","2","3","1","4","4","1","3","4","2","1","C","D","B","C"
1,24,3149,22,1,1,"1","2","2","1","2","4","3","1","4","1","1","3","3","1","1","C","D","B","D"
0,12,2246,60,2,1,"1","4","2","1","5","3","3","1","2","3","3","2","3","1","1","C","C","A","D"
1,13,1797,28,2,1,"1","4","9","1","2","3","3","1","2","1","1","2","2","1","1","C","C","D","D"
1,20,4272,24,2,1,"1","4","2","1","5","1","2","1","2","4","3","2","3","1","1","C","C","C","B"
1,24,2957,63,2,1,"1","4","1","1","5","4","3","1","2","4","3","2","3","2","1","D","C","B","D"
1,36,2348,46,2,1,"1","4","2","1","3","3","4","1","2","2","3","2","3","2","1","D","A","C","D"
1,42,6289,33,2,1,"3","0","9","1","2","2","1","1","2","1","3","2","3","1","1","C","A","D","D"
1,24,6419,44,2,2,"1","4","1","1","5","2","2","1","4","4","3","3","4","2","1","C","C","C","C"
0,48,6143,58,2,1,"1","4","1","1","5","4","2","1","4","4","2","3","2","1","1","C","C","C","C"
1,24,1597,54,2,2,"4","4","6","1","5","4","3","1","4","4","3","3","3","1","1","A","D","D","D"
1,36,15857,43,1,1,"1","2","10","1","1","2","1","2","3","3","3","2","4","1","1","B","D","C","A"
1,24,2223,52,2,1,"4","4","3","2","5","4","3","1","2","4","1","2","3","1","1","B","D","B","D"
1,48,7238,32,2,2,"4","3","3","5","5","3","3","1","3","3","1","2","3","1","1","A","C","C","C"
1,30,2503,41,2,1,"2","3","9","2","5","4","3","1","2","2","2","2","3","1","1","C","D","B","D"
1,18,2622,34,1,1,"2","2","9","2","3","4","3","1","3","4","3","2","3","1","1","B","C","A","C"
1,24,4351,48,1,1,"2","2","2","5","3","1","2","1","2","4","3","2","2","2","1","C","A","C","D"
1,6,368,38,1,1,"2","2","3","5","5","4","3","1","2","4","3","2","3","1","1","C","C","A","B"
1,12,754,38,2,1,"2","2","8","5","5","4","3","1","2","4","3","2","3","1","1","C","C","A","A"
1,24,2424,53,2,1,"4","4","3","5","5","4","3","1","2","4","3","2","3","1","1","C","D","C","B"
1,48,6681,38,1,2,"2","3","9","5","3","4","3","1","4","4","3","3","3","2","1","C","C","C","D"
1,18,2427,42,2,1,"2","3","9","5","5","4","3","1","2","2","3","2","3","1","1","B","D","D","D"
0,24,1216,38,2,2,"2","4","3","2","2","4","3","1","4","4","1","2","3","1","1","C","D","C","D"
1,6,753,64,1,1,"2","2","3","1","3","2","2","3","1","3","3","2","3","1","1","C","C","B","D"
1,7,2576,35,1,1,"2","2","3","1","3","2","3","3","1","2","3","2","3","1","2","C","D","A","B"
1,6,590,26,1,1,"2","2","3","1","2","3","4","1","1","3","3","2","2","1","2","C","D","B","B"
1,8,1414,33,1,1,"2","2","3","1","3","4","3","3","1","2","3","2","3","1","2","C","D","C","A"
1,12,1103,29,2,1,"2","2","3","1","4","4","3","3","1","3","3","2","3","1","1","C","A","A","D"
1,12,585,20,2,1,"2","3","3","1","3","4","4","2","1","4","3","1","3","1","1","C","D","C","C"
1,6,1068,28,1,2,"2","2","3","1","5","4","3","1","3","4","3","2","3","1","1","C","B","B","D"
1,8,713,47,2,1,"1","4","0","1","5","4","3","1","1","4","3","2","2","1","1","C","C","C","D"
1,12,1092,49,2,1,"2","2","3","1","3","4","2","3","1","4","3","2","3","2","1","C","C","A","B"
1,7,2329,45,1,1,"2","2","3","1","2","1","2","3","1","1","3","2","3","1","1","C","D","B","C"
1,13,882,23,2,1,"2","4","3","1","2","4","3","3","1","4","3","2","3","1","1","C","C","C","B"
1,18,866,25,1,1,"2","2","3","1","3","4","4","3","1","2","3","2","2","1","1","C","B","C","D"
1,7,2415,34,1,1,"2","2","3","1","3","3","3","3","1","2","3","2","3","1","1","C","C","B","B"
1,13,2101,23,1,1,"2","2","3","1","2","2","2","3","2","4","3","2","2","1","1","B","C","D","D"
1,18,1301,32,1,1,"2","2","3","1","5","4","4","3","1","2","3","2","2","1","1","B","B","B","D"
1,18,1113,26,1,2,"2","2","3","1","3","4","2","3","1","4","3","2","2","1","1","C","A","C","D"
1,8,760,44,1,1,"2","2","3","1","4","4","2","3","1","2","3","2","2","1","1","C","D","D","C"
1,12,625,26,1,1,"2","2","3","1","2","4","4","3","1","1","1","2","2","1","1","C","D","C","D"
1,6,1323,28,2,2,"3","4","0","2","5","2","1","1","3","4","3","2","3","2","1","C","C","A","B"
1,9,1138,25,2,1,"1","4","3","1","3","4","3","1","1","4","3","2","2","1","1","C","C","C","D"
1,18,1795,48,2,1,"2","4","3","1","5","3","2","3","1","4","1","1","2","2","1","C","C","A","D"
1,15,2728,35,3,1,"2","4","3","5","4","4","3","3","1","2","1","2","3","2","1","D","C","B","D"
1,6,484,28,1,1,"2","2","3","1","4","3","4","3","1","3","1","2","2","1","1","C","B","B","D"
1,10,1048,23,1,1,"2","1","3","1","3","4","3","1","1","4","2","2","2","1","1","C","C","D","D"
1,12,1155,40,2,1,"2","2","3","1","5","3","4","3","1","3","1","2","2","1","1","C","C","C","B"
1,20,7057,36,2,2,"2","3","1","5","4","3","3","1","2","4","1","1","4","2","1","C","D","D","D"
1,15,1537,50,2,1,"2","4","3","5","5","4","3","3","1","4","3","2","3","2","1","B","D","D","B"
1,12,2214,24,1,1,"1","2","3","1","3","4","3","1","2","3","3","2","2","1","1","C","D","D","D"
1,24,1585,40,2,1,"4","4","2","1","4","4","3","1","2","3","3","2","3","1","1","C","D","A","D"
1,10,1521,31,1,1,"2","2","2","1","3","4","1","1","3","2","3","2","2","1","1","C","C","C","D"
1,36,3990,29,1,1,"2","1","4","5","2","3","2","1","4","2","1","2","1","1","1","B","A","B","D"
1,18,3049,45,1,1,"3","2","2","1","2","1","2","1","2","1","2","2","2","1","1","C","C","D","D"
0,24,1282,32,1,1,"1","2","3","2","3","4","2","1","3","2","3","2","2","1","1","C","C","A","D"
1,60,10144,21,1,1,"4","2","3","2","4","2","2","1","1","4","3","2","3","2","1","B","C","B","D"
1,12,1168,27,1,1,"1","2","0","1","3","4","4","1","1","3","3","2","2","1","1","C","C","C","D"
1,6,454,22,1,1,"2","2","5","1","2","3","4","1","2","1","3","2","2","1","1","A","C","C","D"
1,15,3594,46,2,1,"4","3","1","1","2","1","2","1","2","2","3","2","2","1","1","C","C","A","D"
1,12,1768,24,1,1,"4","2","2","1","3","3","3","1","1","2","3","1","2","1","1","C","C","D","C"
1,60,15653,21,2,1,"4","3","3","1","4","2","3","1","3","4","3","2","3","2","1","C","D","A","D"
1,12,2247,36,2,1,"3","3","0","1","3","2","2","1","3","2","2","2","3","2","1","C","D","C","D"
1,24,1413,28,1,1,"4","2","3","1","3","4","4","1","2","2","3","2","3","1","1","C","C","B","D"
1,45,4576,27,1,1,"2","4","1","2","1","3","3","1","3","4","3","2","3","1","1","B","C","A","B"
1,24,1231,57,2,1,"1","4","3","4","5","4","2","1","2","4","3","1","4","2","1","C","C","A","C"
0,36,8335,47,1,1,"1","2","1","5","5","3","3","1","4","4","3","3","3","1","1","A","B","D","D"
1,36,5800,34,2,1,"2","4","1","1","3","3","3","1","3","4","3","2","3","2","1","A","D","B","D"
1,18,8471,23,2,1,"1","3","6","5","3","1","2","1","3","2","3","1","3","2","1","C","D","D","B"
1,30,3622,57,2,1,"1","2","2","4","5","4","2","1","2","4","3","1","3","2","1","A","C","C","D"
1,6,1169,67,2,1,"1","4","3","5","5","4","3","1","1","4","3","2","3","2","1","C","C","C","D"
1,15,1262,36,2,1,"4","2","4","3","4","4","3","1","2","3","3","2","3","2","1","C","C","B","B"
1,24,3617,20,2,1,"3","4","2","5","5","4","3","2","4","4","3","1","3","1","1","C","C","C","D"
1,30,2181,36,2,1,"2","4","0","5","5","4","3","1","1","4","3","2","3","1","1","C","C","C","D"
0,48,7685,37,1,1,"1","1","9","1","4","2","2","3","3","4","3","1","3","1","1","C","D","C","D"
1,48,6110,31,1,1,"4","4","6","1","3","1","3","1","4","3","1","3","3","2","1","C","C","C","A"
1,24,3757,62,1,1,"4","2","0","1","5","4","2","2","4","4","3","3","3","2","1","C","D","B","D"
1,42,3394,65,2,1,"1","4","5","1","1","4","3","2","3","4","3","2","1","1","1","C","D","C","A"
1,36,6304,36,2,1,"4","4","9","5","5","4","3","1","1","4","3","2","3","1","1","A","A","D","B"
1,9,1244,41,2,1,"4","4","6","5","5","4","2","1","2","4","3","1","2","1","1","C","D","C","D"
1,6,3518,26,1,1,"4","2","0","1","3","2","3","3","2","3","3","1","3","1","1","C","D","C","D"
1,36,2613,27,2,1,"4","0","5","1","3","4","3","1","3","2","3","2","3","1","1","D","C","C","D"
1,48,7476,50,1,1,"1","2","6","1","4","4","3","1","4","1","3","3","4","2","1","D","B","B","D"
0,24,4591,54,3,1,"4","2","9","4","3","2","3","1","2","3","3","2","4","2","1","C","C","C","A"
0,18,1924,27,1,1,"2","2","2","5","2","4","2","1","1","3","3","1","3","1","1","C","C","D","A"
0,72,5595,24,1,1,"2","2","3","2","3","2","4","1","3","2","3","2","3","1","1","B","C","C","B"
0,48,6224,50,1,1,"2","3","6","1","5","4","3","1","4","4","3","3","3","1","1","C","C","C","B"
1,15,1905,40,1,1,"3","2","6","1","5","4","3","1","3","4","3","1","4","2","1","C","C","D","D"
1,21,2993,28,2,1,"4","3","1","1","3","3","3","1","1","2","2","2","2","1","1","C","D","A","D"
1,36,8947,31,1,2,"4","3","1","5","4","3","3","1","3","2","2","2","4","2","1","C","B","D","B"
1,24,4020,27,1,1,"1","2","2","1","3","2","3","1","3","2","2","2","3","1","1","C","D","D","D"
1,18,2779,21,1,1,"2","2","1","1","3","1","4","1","3","3","3","1","3","2","1","B","D","C","C"
1,21,2782,31,1,1,"4","2","0","3","4","1","2","1","3","2","1","2","4","1","1","A","C","C","D"
1,12,1884,39,1,1,"4","2","0","1","5","4","3","1","3","4","3","2","4","2","1","B","C","A","C"
1,36,11054,30,1,1,"4","4","1","5","3","4","3","1","3","2","3","2","4","2","1","B","C","D","B"
1,60,9157,27,1,1,"2","3","3","5","3","2","3","1","4","2","3","3","4","1","1","C","D","D","D"
1,42,9283,55,1,1,"2","1","1","1","1","1","3","1","4","2","1","3","4","2","1","C","C","A","D"
1,60,6527,34,1,2,"4","2","0","5","3","4","3","1","4","4","3","3","3","2","1","C","D","B","D"
1,15,3368,23,2,1,"4","4","1","4","5","3","3","1","4","4","3","1","3","2","1","A","C","B","C"
1,15,2511,23,1,1,"1","2","0","1","1","1","2","1","3","4","3","1","3","1","1","C","C","D","A"
1,36,5493,42,1,2,"1","2","1","1","5","2","3","1","4","4","3","3","3","1","1","C","C","A","B"
1,6,1338,62,1,1,"4","2","4","3","3","1","1","1","1","4","3","2","3","1","1","C","D","D","C"
1,9,1082,37,2,1,"2","2","3","1","5","4","3","1","3","4","3","2","2","1","1","C","C","B","D"
1,18,1149,46,2,1,"4","4","3","4","3","4","3","1","1","3","3","2","3","1","1","C","C","D","D"
1,15,1308,38,2,1,"2","2","5","1","5","4","3","1","3","4","3","2","2","1","1","C","C","C","D"
1,20,6148,31,2,1,"2","0","1","2","5","3","4","1","3","4","1","2","3","2","1","C","D","B","D"
1,12,1736,31,1,1,"4","2","2","1","4","3","2","1","1","4","3","2","2","1","1","C","C","A","D"
1,12,3059,61,1,1,"4","2","3","4","4","2","1","1","1","4","3","2","2","1","1","C","C","A","D"
0,24,2996,20,1,1,"1","2","2","5","3","2","4","1","3","4","3","2","3","1","1","A","D","C","D"
1,30,7596,63,2,1,"4","4","1","5","5","1","3","1","3","4","3","2","3","1","1","A","D","B","A"
1,30,4811,24,1,1,"4","2","1","5","4","2","2","1","2","4","2","1","2","1","1","A","C","D","D"
1,6,1766,21,1,1,"4","2","2","1","3","1","4","1","2","2","3","1","3","1","1","A","D","B","A"
1,24,2760,36,1,1,"2","2","1","5","5","4","3","1","4","4","1","3","3","2","1","B","C","A","C"
1,24,5507,44,2,1,"4","4","5","1","5","3","3","1","4","4","3","3","3","1","1","A","C","C","D"
1,9,1199,67,2,1,"2","2","6","1","4","4","2","1","2","4","3","2","4","2","1","C","C","C","C"
1,24,2892,51,1,1,"3","2","2","1","5","3","1","1","4","4","3","3","3","1","1","B","B","C","D"
1,36,2862,30,1,1,"2","3","0","2","5","4","3","1","4","3","3","3","3","1","1","C","C","B","C"
0,9,654,28,1,1,"1","2","0","1","3","4","3","1","3","3","3","2","2","1","1","C","B","D","D"
0,9,1136,32,2,2,"2","4","6","4","5","4","3","1","4","3","3","3","3","1","1","B","C","D","A"
0,24,4113,28,1,1,"2","2","1","3","2","3","2","1","3","4","3","1","3","1","1","C","D","C","B"
0,6,14555,23,1,1,"2","2","0","5","1","1","3","1","2","2","3","2","1","2","1","C","B","A","D"
0,15,950,33,2,2,"1","0","0","1","5","4","3","1","3","3","3","1","3","1","1","C","C","A","B"
0,24,1199,60,2,1,"1","4","0","1","5","4","3","1","3","4","3","2","2","1","1","C","C","C","D"
0,12,1082,48,2,1,"1","0","0","1","3","4","3","1","3","4","1","2","3","1","1","C","A","C","C"
0,30,2150,24,1,1,"2","2","0","1","3","4","2","3","4","2","1","2","3","1","1","C","A","C","D"
0,36,2820,27,2,1,"2","4","0","1","2","4","1","1","3","4","3","2","3","1","1","C","B","B","D"
0,48,3060,28,2,1,"2","2","3","1","4","4","3","1","1","4","3","2","3","1","1","A","D","B","D"
0,18,2600,65,2,1,"1","2","3","1","3","4","3","1","4","4","3","3","3","1","1","C","D","C","C"
0,21,5003,29,2,1,"4","0","0","5","3","1","2","1","2","4","1","2","3","2","1","C","B","A","D"
0,60,6288,42,1,1,"2","2","6","1","3","4","3","1","4","4","3","3","3","1","1","C","B","D","D"
0,24,2538,47,2,2,"4","3","0","1","5","4","3","1","3","4","3","2","2","1","1","C","C","C","D"
0,9,1478,22,1,1,"4","2","3","1","4","4","3","1","3","2","3","2","3","1","1","D","C","C","D"
0,39,4933,25,2,1,"2","4","3","1","4","2","3","3","1","2","3","2","3","1","1","C","C","C","D"
0,18,1530,32,2,1,"4","4","0","1","3","3","3","1","2","2","1","2","3","1","1","C","B","B","C"
0,9,1437,29,1,1,"2","1","0","2","4","2","3","1","4","3","3","2","3","1","1","C","C","D","D"
0,15,1275,24,1,1,"1","2","4","5","3","4","2","1","3","2","3","1","3","1","1","C","C","C","C"
0,24,1823,30,1,2,"1","2","3","1","1","4","3","1","3","2","2","2","4","1","1","A","C","C","D"
0,9,1422,27,1,1,"1","2","0","1","2","3","3","1","4","2","3","3","4","2","1","C","D","D","D"
0,18,1217,47,1,1,"1","2","4","1","3","4","4","1","1","3","3","2","2","2","1","C","A","C","C"
0,36,9271,24,1,1,"1","2","0","1","4","2","3","1","3","1","3","2","3","2","1","A","C","A","B"
0,36,2145,24,2,1,"1","3","9","1","4","2","3","1","3","1","3","2","3","2","1","C","B","B","D"
0,36,1842,34,1,1,"1","2","0","1","2","4","2","1","3","4","3","2","3","2","1","C","A","D","D"
0,18,4297,40,1,1,"2","3","2","1","5","4","1","1","4","3","3","2","4","2","1","C","C","C","C"
0,6,3384,44,1,1,"1","4","2","1","3","1","1","1","1","4","3","1","4","2","1","C","D","C","D"
0,18,1245,33,1,1,"2","4","3","1","3","4","4","1","3","2","3","2","3","1","1","B","A","B","C"
0,15,4623,40,1,1,"4","2","6","2","3","3","3","1","2","2","3","2","4","2","1","B","C","C","A"
0,30,8386,49,1,1,"2","4","2","1","4","2","3","1","2","2","3","2","3","1","1","C","C","A","B"
0,24,1024,48,1,1,"1","3","3","1","2","4","4","1","1","4","2","2","3","1","1","C","D","C","D"
0,36,14318,57,1,1,"2","2","0","1","5","4","3","1","4","2","3","3","4","2","1","C","A","A","C"
0,6,433,24,1,2,"2","1","6","4","2","4","2","1","2","2","1","1","3","1","1","C","D","C","D"
0,12,2149,29,1,1,"1","1","3","1","3","4","1","1","4","1","3","3","3","1","1","B","D","C","A"
0,24,2397,35,2,1,"4","2","3","3","5","3","3","1","3","2","1","2","3","2","1","B","C","B","C"
0,6,931,32,1,1,"2","1","0","2","2","1","2","1","2","1","2","2","2","1","1","C","C","B","D"
0,15,1512,61,2,1,"2","3","5","4","3","3","4","1","2","3","2","2","3","1","1","C","D","C","A"
0,24,4241,36,3,1,"2","0","9","1","3","1","3","1","1","4","3","2","2","2","1","B","B","C","A"
0,24,4736,25,1,1,"2","4","2","1","2","2","2","1","3","4","1","2","2","1","1","B","D","C","D"
0,15,1778,26,2,1,"2","0","0","1","2","2","2","1","1","1","3","1","1","1","1","B","D","B","B"
0,15,2327,25,1,1,"3","2","3","1","2","2","2","1","1","3","3","2","2","1","1","B","C","B","B"
0,24,6872,55,1,1,"1","1","2","1","2","2","1","1","2","1","1","2","3","2","1","D","C","C","D"
0,12,795,53,1,1,"1","2","6","1","2","4","2","1","2","4","3","2","3","1","1","C","D","B","D"
0,30,1908,66,1,1,"3","3","9","1","5","4","3","1","1","4","3","2","4","2","1","B","B","B","A"
0,36,1953,61,1,1,"2","0","9","1","5","4","3","1","4","4","3","3","4","2","1","C","C","C","D"
0,18,2864,34,1,2,"3","2","2","1","3","2","3","1","1","1","3","2","2","1","1","C","C","C","D"
0,21,2319,33,1,1,"3","4","6","1","2","2","1","1","3","1","3","1","3","1","1","C","C","B","D"
0,24,915,29,1,1,"1","2","0","5","5","4","2","1","3","2","1","2","3","1","1","C","D","B","A"
0,24,947,38,1,2,"3","2","0","1","4","4","3","1","4","3","1","3","3","1","1","C","C","A","A"
0,24,1381,35,1,1,"1","2","0","5","3","4","2","1","2","2","3","2","3","1","1","C","C","B","D"
0,24,1285,32,1,1,"1","2","0","5","4","4","2","1","4","4","3","1","3","1","1","C","C","C","D"
0,24,1371,25,1,1,"1","2","0","5","3","4","2","1","1","4","3","1","3","1","1","C","C","D","D"
0,18,1042,33,1,1,"2","2","0","5","3","4","2","1","2","2","3","2","3","1","1","C","C","C","D"
0,12,900,23,1,1,"1","2","0","5","3","4","4","1","3","2","3","2","3","1","1","B","D","B","B"
0,24,1207,24,1,1,"1","2","0","1","2","4","2","1","2","4","3","1","3","1","1","C","C","C","B"
0,18,2278,28,2,1,"2","0","0","2","2","3","2","1","3","3","3","2","3","1","1","C","C","D","D"
0,60,6836,63,2,1,"1","3","9","1","5","3","3","1","4","4","3","2","3","2","1","B","C","C","D"
0,24,3345,39,1,1,"1","2","2","1","5","4","3","1","2","2","3","1","4","2","1","C","C","B","A"
0,6,1198,35,1,1,"1","1","6","1","5","4","2","1","4","4","3","3","3","1","1","C","C","A","B"
0,48,15672,23,1,1,"2","2","9","1","3","2","3","1","3","2","3","2","3","2","1","C","C","C","B"
0,60,7297,36,1,1,"1","2","9","1","5","4","3","2","4","4","3","1","3","1","1","C","B","C","D"
0,18,1943,23,1,1,"4","2","5","1","2","4","2","1","1","4","3","2","3","1","1","B","C","B","D"
0,18,3190,24,1,1,"1","2","3","1","3","2","2","1","1","2","3","2","3","1","1","B","C","C","A"
0,9,5129,74,1,2,"2","1","1","1","5","2","2","1","4","4","1","3","4","2","1","B","C","B","D"
0,18,1808,22,1,1,"4","3","2","1","4","4","2","1","1","1","3","2","3","1","1","C","D","B","D"
0,10,1240,48,1,2,"3","2","0","2","5","1","2","1","4","4","3","3","2","1","1","C","C","B","D"
0,12,759,26,1,1,"1","2","0","1","4","4","3","1","1","2","3","2","3","1","1","C","C","B","D"
0,8,1237,24,1,1,"2","2","2","1","3","3","2","1","1","4","3","2","3","1","1","B","C","C","B"
0,9,1980,19,2,1,"4","2","2","1","2","2","2","2","3","2","3","1","3","1","1","A","D","A","C"
0,48,10961,27,2,1,"2","2","3","4","4","1","3","2","4","2","1","2","3","2","1","B","D","B","B"
0,36,6887,29,1,1,"1","3","6","1","3","4","3","1","2","3","2","2","3","2","1","D","D","C","D"
0,24,1938,32,1,1,"1","2","3","1","2","4","1","1","2","3","3","2","3","1","1","C","D","A","C"
0,21,1835,25,2,1,"1","2","3","1","3","3","2","1","1","2","3","2","3","2","1","C","C","A","D"
0,24,1659,29,1,1,"1","3","3","1","2","4","2","1","3","2","3","1","2","2","1","A","C","B","D"
0,6,1209,47,1,1,"2","3","0","1","1","4","3","1","2","4","3","2","4","2","1","C","D","B","D"
0,48,3844,34,1,2,"2","0","9","2","4","4","3","1","4","4","3","3","2","1","1","C","A","C","D"
0,12,4843,43,2,1,"1","4","0","1","5","3","3","2","2","4","3","1","3","2","1","C","C","C","C"
0,12,639,30,1,1,"2","2","5","1","3","4","3","1","3","2","3","2","3","1","1","B","C","C","D"
0,48,5951,22,1,1,"2","2","3","1","3","2","2","1","1","2","3","2","3","1","1","C","D","A","D"
0,36,3804,42,1,1,"2","0","3","1","3","4","2","1","3","1","3","2","3","2","1","B","C","C","D"
0,36,4463,26,2,1,"4","3","3","1","3","4","3","1","3","2","3","2","4","2","1","C","B","A","D"
0,36,7980,27,2,1,"4","3","9","5","2","4","3","1","3","4","3","1","3","2","1","C","D","B","D"
0,36,4210,26,1,1,"3","2","3","1","3","4","3","1","3","2","3","2","3","1","1","C","A","B","A"
0,6,4611,32,1,1,"4","2","2","1","2","1","2","1","2","4","3","2","3","1","1","C","D","C","D"
0,24,11560,23,2,1,"2","2","1","1","3","1","2","1","3","4","3","1","4","1","1","C","B","A","D"
0,18,4165,36,2,2,"4","0","9","1","3","2","3","1","3","2","2","2","3","1","1","A","C","B","D"
0,24,4057,43,1,1,"2","2","2","1","4","3","1","1","3","3","3","2","3","2","1","B","C","B","B"
0,18,6458,39,2,2,"4","1","0","1","5","2","3","1","4","4","1","2","4","2","1","A","C","C","B"
0,12,1386,26,1,1,"4","2","0","3","3","2","2","1","2","2","3","2","3","1","1","C","C","C","D"
0,36,1977,40,1,1,"1","2","6","5","5","4","3","1","4","4","3","2","4","2","1","B","A","D","D"
0,18,1928,31,2,1,"2","4","2","1","2","2","3","1","1","2","3","2","2","1","1","C","D","A","D"
0,12,1123,29,1,1,"4","2","2","3","3","4","2","1","3","4","3","1","2","1","1","A","C","A","D"
0,24,11328,29,2,1,"2","2","10","1","3","2","3","2","3","3","1","2","4","2","1","C","C","A","A"
0,24,11938,39,2,2,"2","4","10","1","3","2","3","2","3","3","3","2","4","2","1","C","C","B","D"
0,27,2520,23,2,1,"2","4","3","3","3","4","3","1","2","2","3","2","2","1","1","C","D","B","D"
0,30,1919,30,2,1,"2","3","3","2","2","4","3","1","4","3","2","2","4","1","1","A","C","B","B"
0,60,14782,60,2,1,"2","1","10","2","5","3","2","1","4","4","1","3","4","2","1","B","C","C","B"
0,36,2671,50,1,1,"2","2","3","2","3","4","2","2","4","4","3","3","3","1","1","C","C","C","D"
0,36,12612,47,1,2,"2","2","6","2","3","1","3","1","4","4","3","3","3","2","1","C","A","A","D"
0,45,3031,21,1,1,"2","2","3","2","3","4","3","3","2","4","3","1","3","1","1","A","C","A","D"
0,12,626,24,1,1,"1","1","3","1","3","4","2","1","1","4","1","2","2","1","1","C","C","C","C"
0,24,1935,31,2,1,"2","4","9","1","5","4","1","1","1","4","3","2","3","2","1","C","D","A","B"
0,24,1344,37,2,2,"3","4","0","5","4","4","3","1","1","2","1","2","2","1","1","C","C","B","A"
0,18,1533,43,1,2,"4","2","2","1","2","4","4","2","2","1","3","2","2","1","1","C","D","B","D"
0,48,3931,46,1,2,"1","2","0","1","4","4","3","1","4","4","3","3","3","1","1","C","C","B","D"
0,24,3349,30,1,2,"1","1","2","3","2","4","3","1","4","4","3","3","3","2","1","B","D","D","B"
0,36,2302,31,1,1,"1","2","3","1","3","4","1","1","3","4","3","1","3","1","1","B","C","C","D"
0,42,3965,34,1,1,"1","2","3","1","2","4","3","1","3","3","3","2","3","1","1","A","C","D","D"
0,12,727,33,1,1,"1","2","3","2","2","4","4","1","4","3","3","2","2","2","1","A","D","C","A"
0,48,3914,38,1,1,"4","2","9","5","3","4","1","1","1","2","1","2","3","1","1","B","D","B","D"
0,48,4308,24,1,1,"1","2","9","1","2","3","2","1","2","4","3","1","3","1","1","C","B","C","D"
0,12,1534,23,1,1,"2","2","3","1","2","1","4","1","1","1","3","1","3","1","1","C","D","C","B"
0,18,2775,31,2,1,"4","4","0","1","4","2","3","1","2","2","1","2","3","1","1","B","C","A","B"
0,40,5998,27,1,1,"1","4","6","1","3","4","3","1","4","3","1","2","3","2","1","B","D","C","C"
0,15,1271,39,2,1,"3","4","3","5","3","3","3","1","4","4","3","3","3","2","1","A","A","A","D"
0,12,1295,25,1,1,"2","2","0","1","2","3","2","1","3","1","3","1","3","1","1","B","C","C","A"
0,36,9398,28,1,1,"2","2","1","1","2","1","4","1","3","4","3","1","4","2","1","C","C","C","D"
0,12,951,27,4,1,"2","2","2","2","2","4","2","1","3","4","1","1","3","1","1","C","A","D","D"
0,24,1355,25,1,1,"2","2","0","1","2","3","2","1","3","4","3","2","2","2","1","C","D","B","C"
0,48,3051,54,1,1,"1","2","4","1","3","3","3","1","3","4","3","2","3","1","1","C","C","A","D"
0,36,7855,25,2,1,"4","4","0","1","3","4","2","1","1","2","2","2","3","2","1","C","D","A","C"
0,18,433,22,1,1,"4","2","3","1","1","3","2","2","1","4","3","1","3","1","1","B","C","D","C"
0,36,9572,28,2,1,"4","3","9","1","2","1","1","1","3","1","3","2","3","1","1","C","C","D","D"
0,24,1837,34,1,1,"2","1","6","1","4","4","2","1","4","4","1","3","2","1","1","C","C","C","D"
0,30,4249,28,2,1,"2","4","0","1","1","4","4","1","3","2","3","2","4","1","1","C","D","D","D"
0,30,5234,28,2,1,"2","4","0","1","1","4","4","1","3","2","3","2","4","1","1","C","C","C","D"
0,48,6758,31,1,1,"1","2","3","1","3","3","2","1","3","2","3","2","3","2","1","C","B","C","D"
0,9,1366,22,1,1,"1","2","3","1","2","3","2","1","2","4","3","1","3","1","1","A","D","B","C"
0,24,1358,40,1,1,"1","1","10","5","5","4","3","1","3","3","2","2","4","2","1","B","C","C","C"
0,18,2473,25,1,1,"1","2","2","1","1","4","3","1","3","1","3","2","1","1","1","C","D","C","D"
0,9,1337,34,2,1,"3","0","3","1","2","4","3","1","3","2","3","2","4","2","1","B","C","A","D"
0,48,7763,42,1,1,"1","2","0","1","5","4","3","1","4","4","1","3","4","1","1","C","D","C","C"
0,15,1264,25,1,1,"2","1","0","2","3","2","4","1","2","2","3","1","3","1","1","C","C","A","B"
0,15,2631,28,2,1,"2","2","0","2","3","2","2","1","3","4","3","1","3","2","1","B","C","B","C"
0,48,6560,24,1,1,"2","2","0","2","4","3","3","1","2","2","3","2","3","1","1","C","D","B","D"
0,24,3123,27,1,1,"1","2","0","1","2","4","2","1","2","1","3","2","3","1","1","C","C","B","C"
0,36,8065,25,2,1,"1","4","6","1","3","3","2","1","4","2","3","2","4","2","1","A","C","B","A"
0,24,2439,35,1,1,"1","2","3","1","2","4","2","1","1","4","3","2","3","2","1","C","C","C","D"
0,36,9034,29,1,1,"2","2","2","2","2","4","3","2","4","1","3","1","4","2","1","C","C","A","D"
0,60,14027,27,1,1,"2","2","0","1","4","4","3","1","4","2","3","2","4","2","1","C","B","A","D"
0,36,9629,24,2,1,"1","4","1","1","4","4","3","1","3","4","3","2","3","2","1","C","D","B","D"
0,12,1484,25,1,1,"2","2","3","5","3","2","4","1","1","1","3","2","3","2","1","C","D","C","D"
0,18,1131,33,1,1,"1","2","2","1","1","4","2","1","3","2","3","2","3","1","1","C","D","C","C"
0,24,2064,34,1,1,"2","3","2","1","1","3","2","1","2","2","3","2","4","2","1","C","C","A","D"
0,18,12976,38,1,1,"2","2","1","1","1","3","2","1","4","4","3","3","4","2","1","C","D","C","A"
0,21,2580,41,1,2,"4","3","9","3","2","4","3","1","1","2","1","2","2","1","1","C","D","A","D"
0,27,2570,21,1,1,"4","2","0","1","3","3","2","1","1","3","3","1","3","1","1","C","D","C","D"
0,27,3915,36,1,2,"2","2","9","1","3","4","3","1","3","2","3","2","3","2","1","C","D","C","D"
0,10,1309,27,1,1,"4","2","0","5","3","4","3","3","2","4","3","2","2","1","1","C","C","C","D"
0,24,4817,31,1,1,"1","2","0","1","4","2","3","2","2","3","3","2","3","2","1","B","C","B","D"
0,12,2579,33,1,2,"1","2","0","1","2","4","3","1","1","1","3","2","2","1","1","C","C","B","D"
0,36,2225,57,2,1,"2","3","0","1","5","4","3","1","4","4","1","3","3","2","1","C","C","C","D"
0,18,4153,42,1,1,"1","2","2","1","3","2","3","2","3","3","3","2","3","1","1","C","D","D","D"
0,18,3114,26,1,1,"1","0","2","1","2","1","2","1","2","4","3","1","3","1","1","C","C","A","A"
0,18,2124,24,2,1,"1","4","2","1","3","4","2","1","1","4","3","1","3","1","1","C","C","A","A"
0,18,1553,44,1,1,"1","1","2","1","3","4","3","1","3","3","1","2","3","1","1","B","A","D","D"
0,30,2406,23,1,1,"1","2","2","1","4","4","2","1","1","4","3","1","3","1","1","C","C","B","C"
0,24,1333,43,2,2,"1","3","0","1","1","4","3","1","1","2","3","3","3","1","1","A","B","C","D"
0,48,7119,53,2,2,"1","0","2","1","3","3","3","1","4","4","3","3","3","1","1","B","C","A","D"
0,24,4870,53,2,2,"1","3","0","1","3","3","3","1","4","4","3","3","3","1","1","B","D","C","D"
0,12,691,35,2,1,"1","4","0","1","5","4","3","1","2","3","3","2","3","1","1","B","C","C","A"
0,42,4370,26,2,2,"1","3","3","1","4","3","3","1","2","2","1","2","3","2","1","B","C","D","D"
0,36,2746,31,1,1,"1","1","2","1","5","4","3","1","3","4","1","2","3","1","1","C","D","D","D"
0,24,4110,23,2,2,"1","0","2","1","5","3","3","1","4","4","1","1","3","1","1","C","D","C","D"
0,18,2462,22,1,1,"1","2","2","1","3","2","3","1","3","2","3","2","3","1","1","A","C","B","B"
0,12,1282,20,1,1,"1","2","2","1","3","2","2","1","3","4","3","1","3","1","1","B","C","C","A"
0,12,2969,25,2,1,"2","0","2","1","2","4","2","1","2","3","3","1","3","1","1","C","B","A","B"
0,48,4605,24,2,2,"1","0","1","1","5","3","3","1","4","4","3","3","3","1","1","A","D","D","A"
0,48,6331,46,2,1,"1","4","1","1","5","4","3","1","4","4","3","3","3","2","1","C","C","A","D"
0,24,3552,27,1,1,"1","1","2","1","4","3","3","1","3","4","1","2","3","1","1","C","C","C","D"
0,12,697,46,2,1,"1","1","0","1","2","4","3","1","3","2","1","2","3","2","1","C","D","B","C"
0,24,1442,23,2,1,"1","2","0","1","4","4","2","1","3","4","3","1","3","1","1","C","D","C","D"
0,27,5293,50,2,1,"1","0","9","1","1","2","3","1","2","4","3","2","3","2","1","C","C","B","D"
0,21,3414,26,2,1,"1","3","6","1","2","2","3","1","2","1","2","2","3","1","1","C","D","C","B"
0,18,2039,20,1,1,"1","2","2","1","3","1","2","1","1","4","3","1","3","1","1","C","C","C","B"
0,24,3161,31,1,1,"1","1","9","1","3","4","3","1","2","2","1","1","3","2","1","C","C","B","A"
0,12,902,21,1,1,"1","2","8","1","4","4","4","1","2","4","3","1","3","1","1","C","D","C","A"
0,48,10297,39,3,2,"1","2","1","1","4","4","3","1","4","4","3","3","3","2","1","C","D","C","D"
0,48,14421,25,1,1,"2","0","9","1","3","2","3","1","3","2","2","2","3","2","1","D","D","C","D"
0,18,1056,30,2,1,"2","4","0","1","5","3","3","3","1","3","3","2","3","1","1","B","C","C","D"
0,12,1274,37,1,1,"1","2","0","1","2","3","2","1","1","1","1","2","2","1","1","B","D","C","D"
0,12,1223,46,2,1,"2","2","0","1","5","1","1","1","1","1","3","1","3","1","1","C","C","C","D"
0,12,1372,36,1,1,"1","2","0","1","4","2","1","1","3","3","3","2","3","1","1","A","C","D","B"
0,16,2625,43,1,1,"1","4","0","1","5","2","3","3","2","4","3","1","3","2","2","C","C","D","B"
0,20,2235,33,2,1,"1","4","0","1","3","4","4","3","2","2","1","1","3","1","2","C","A","D","D"
0,9,959,29,1,1,"2","2","2","1","3","1","2","1","3","2","1","2","3","1","1","C","D","C","D"
0,18,884,36,1,2,"2","4","0","1","5","4","3","1","3","4","3","2","3","2","1","C","D","C","C"
0,24,1246,23,1,1,"2","2","0","1","2","4","3","1","1","2","1","2","2","1","1","C","C","A","D"
0,36,8086,42,4,1,"2","3","0","2","5","2","3","1","3","4","2","2","4","2","1","C","C","C","B"
0,48,10127,44,1,1,"4","4","0","3","3","2","3","1","4","2","3","3","3","1","1","C","C","A","D"
0,12,888,41,1,2,"2","2","0","1","5","4","3","1","3","4","1","2","2","1","1","A","D","B","B"
0,12,719,41,1,2,"4","2","6","1","5","4","3","1","3","4","1","2","2","1","1","C","C","B","B"
0,36,12389,37,1,1,"2","2","0","5","3","1","3","1","4","4","1","3","3","2","1","B","C","C","B"
0,12,709,57,1,1,"1","2","3","1","5","4","3","1","1","4","3","2","2","1","1","C","B","C","D"
0,15,6850,34,1,2,"2","1","0","2","1","1","3","1","2","2","2","2","4","2","1","C","C","C","D"
0,10,2210,25,1,1,"4","2","2","1","3","2","3","1","1","2","3","1","2","1","1","A","C","C","A"
0,30,7485,53,1,1,"4","1","1","5","1","4","2","1","1","1","1","2","4","2","1","C","D","D","B"
0,18,1442,32,2,2,"1","1","0","1","4","4","3","1","4","4","1","3","2","1","1","C","C","B","D"
0,12,797,33,1,2,"4","4","3","5","5","4","2","1","2","3","3","2","2","1","1","C","C","C","B"
0,45,4746,24,2,1,"2","4","3","1","2","4","3","1","2","2","1","2","2","1","1","C","D","C","C"
0,12,939,28,3,1,"3","4","0","3","4","4","4","1","1","2","3","2","3","2","1","C","D","D","D"
0,21,1188,39,1,2,"2","2","9","1","5","2","2","1","2","4","3","2","3","1","1","C","A","A","B"
0,48,11590,24,2,1,"4","4","1","2","3","2","2","1","3","4","3","1","2","1","1","C","D","C","A"
0,12,609,26,1,1,"3","1","9","1","2","4","2","1","1","1","1","2","1","1","1","C","C","A","D"
0,18,1190,55,3,2,"1","4","5","1","1","2","2","1","4","4","3","3","1","1","1","B","C","B","D"
0,21,2767,61,2,1,"2","2","9","2","5","4","1","1","3","2","3","1","2","1","1","D","C","C","D"
0,30,3441,21,1,1,"2","2","2","2","3","2","2","2","3","4","1","1","3","1","1","C","C","A","D"
0,30,4280,26,2,1,"2","0","9","2","3","4","2","1","3","4","3","1","2","1","1","C","B","B","D"
0,24,3092,22,1,1,"2","2","3","2","2","3","4","1","3","2","3","1","3","2","1","C","D","B","D"
0,18,6761,68,2,1,"4","2","0","5","3","2","3","1","3","4","2","1","3","1","1","C","D","D","D"
0,12,1331,22,1,1,"2","2","3","1","2","2","3","1","3","1","3","2","3","1","1","D","C","B","D"
0,54,15945,58,1,1,"2","0","9","1","2","3","3","1","4","4","3","1","3","2","1","C","C","D","D"
0,24,3234,23,1,1,"1","2","2","1","2","4","2","1","1","4","3","1","2","2","1","C","A","C","D"
0,15,802,37,1,2,"2","2","3","1","5","4","3","1","3","3","3","2","3","1","1","B","D","D","A"
0,48,9960,26,1,1,"2","2","2","1","2","1","2","1","3","2","1","2","3","2","1","C","C","C","D"
0,24,8648,27,2,1,"4","3","9","1","2","2","3","1","3","2","1","2","3","2","1","C","D","C","D"
0,18,1345,26,1,1,"1","2","3","1","3","4","4","1","1","3","3","2","3","1","1","C","D","A","D"
0,45,1845,23,1,1,"1","2","3","1","3","4","3","1","4","4","3","3","3","2","1","B","B","C","D"
0,21,1647,40,2,2,"1","1","0","5","3","4","3","1","2","2","1","2","2","1","1","D","A","B","D"
0,48,4844,33,1,1,"4","2","9","1","1","3","3","1","3","2","3","1","4","2","1","C","B","C","A"
0,27,8318,42,2,1,"2","0","9","1","5","2","2","1","4","4","2","3","4","2","1","B","C","C","D"
0,18,2100,37,1,1,"3","2","3","1","3","4","3","2","1","2","3","2","3","1","1","C","B","D","B"
0,45,11816,29,2,1,"1","0","9","1","5","2","3","1","3","4","3","1","3","1","1","C","C","B","C"
0,6,448,23,1,1,"1","2","6","1","2","4","2","1","2","4","3","2","3","1","1","C","B","B","D"
0,30,11998,34,1,1,"1","2","5","1","2","1","1","1","4","1","1","2","2","2","1","C","C","B","D"
0,48,18424,32,1,1,"2","0","10","1","3","1","2","1","2","2","1","2","4","2","2","B","C","C","D"
0,6,14896,68,1,1,"1","2","0","1","5","1","3","1","4","4","1","2","4","2","1","C","D","C","D"
0,12,2762,25,1,1,"2","2","2","5","5","1","2","1","2","2","3","2","3","2","1","C","D","B","A"
0,12,3386,35,1,1,"1","2","1","1","5","3","3","1","4","4","3","3","3","2","1","A","C","A","D"
0,24,2039,22,1,1,"2","2","3","1","2","1","4","1","2","1","3","2","3","2","1","C","D","C","D"
0,18,2169,28,1,1,"4","3","9","1","3","4","4","1","3","2","3","2","3","2","1","C","A","A","A"
0,48,5096,30,1,1,"2","4","2","1","3","2","2","1","3","3","3","2","4","2","1","C","C","C","D"
0,18,1882,25,2,1,"1","2","3","1","3","4","2","1","3","4","1","1","3","1","1","C","C","B","D"
0,48,6999,34,2,1,"1","2","3","1","4","1","4","3","1","1","3","2","3","2","1","C","C","C","D"
0,12,2292,42,2,1,"4","4","9","1","1","4","3","1","3","2","2","2","4","2","1","B","C","B","D"
0,14,8978,45,1,1,"1","2","0","1","5","1","1","1","2","4","3","2","4","2","2","B","C","D","D"
0,12,674,20,1,1,"1","2","3","2","4","4","4","1","2","1","3","2","3","1","1","C","C","B","D"
0,18,976,23,1,1,"1","2","0","1","2","1","2","1","3","2","3","2","2","1","1","B","B","D","D"
0,24,2718,20,1,1,"2","2","0","1","3","3","2","1","2","4","3","1","2","2","1","C","D","D","D"
0,18,750,27,1,1,"1","2","6","1","1","4","2","1","1","1","3","2","1","1","1","C","B","C","C"
0,24,12579,44,1,1,"2","2","1","1","5","4","2","1","4","2","3","3","4","2","1","C","B","A","D"
0,18,7511,51,1,2,"1","2","1","5","5","1","3","1","2","4","3","3","3","2","1","C","D","A","D"
0,18,3966,33,3,1,"1","4","0","1","5","1","2","1","1","4","1","1","3","2","1","C","D","C","A"
0,12,6199,28,2,1,"1","0","3","1","3","4","3","1","2","2","3","1","3","2","1","A","C","C","A"
0,24,1987,21,1,2,"1","2","3","1","3","2","3","1","1","4","3","1","2","1","1","C","D","B","D"
0,24,2303,45,1,1,"1","2","0","1","5","4","3","2","1","1","3","2","3","1","1","B","D","B","D"
0,21,12680,30,1,1,"4","4","0","5","5","4","3","1","4","4","3","3","4","2","1","C","C","B","C"
0,12,6468,52,1,1,"2","2","3","5","1","2","3","1","4","1","3","2","4","2","1","C","D","C","B"
0,30,6350,31,1,1,"1","2","2","5","5","4","3","1","2","4","3","2","3","1","1","C","D","B","A"
